uid,dataend,datastart,energystarscore,heatingtype,industry,mainheatingtype,numberoffloors,occupants,primaryspaceusage,rating,sqft,sqm,subindustry,timezone,yearbuilt,nickname,primaryspaceuse_abbrev,newweatherfilename
PrimClass_Ernie,2012-12-31 23:00:00,2012-01-01 00:00:00,,,Education,,,,Primary/Secondary Classroom,,105530.0,9804.05359,Primary/Secondary School,America/New_York,,Ernie,PrimClass,weather12.csv
UnivClass_Corbin,2015-12-31 23:00:00,2015-01-01 00:00:00,,,Education,,,,College Classroom,,56969.0,5292.591007,College/University,America/New_York,1967.0,Corbin,UnivClass,weather2.csv
Office_Ellis,2012-12-31 23:00:00,2012-01-01 00:00:00,,,Commercial Property,,,,Office,,294651.0,27373.961853,Commercial Real Estate,America/Los_Angeles,,Ellis,Office,weather22.csv
Office_Earl,2012-12-31 23:00:00,2012-01-01 00:00:00,,,Commercial Property,,,,Office,,496517.0,46127.918851,Bank/Financial Services,America/Los_Angeles,,Earl,Office,weather28.csv
PrimClass_Elisa,2012-12-31 23:00:00,2012-01-01 00:00:00,,,Education,,,,Primary/Secondary Classroom,,233062.0,21652.158986,Primary/Secondary School,America/New_York,,Elisa,PrimClass,weather23.csv
Office_Christopher,2015-12-31 23:00:00,2015-01-01 00:00:00,,,Education,,,,Office,,92271.0,8572.252713,College/University,America/New_York,2001.0,Christopher,Office,weather2.csv
PrimClass_Jo,2015-11-30 23:00:00,2014-12-01 00:00:00,,Gas,Education,Gas,2.0,212.0,Primary/Secondary Classroom,C,31505.9353,2927.0,Primary/Secondary School,Europe/London,pre 1919,Jo,PrimClass,weather1.csv
PrimClass_Johnnie,2015-11-30 23:00:00,2014-12-01 00:00:00,,Gas,Education,Gas,2.0,219.0,Primary/Secondary Classroom,C,47070.5347,4373.0,Primary/Secondary School,Europe/London,1919-1945,Johnnie,PrimClass,weather1.csv
Office_Jeannette,2015-11-30 23:00:00,2014-12-01 00:00:00,,Gas,Government,Gas,1.0,40.0,Office,C,42646.5718,3962.0,"City, County, State",Europe/London,Post 1976,Jeannette,Office,weather1.csv
PrimClass_Emerald,2012-12-31 23:00:00,2012-01-01 00:00:00,,,Education,,,,Primary/Secondary Classroom,,276443.0,25682.384029,Primary/Secondary School,America/New_York,,Emerald,PrimClass,weather17.csv
PrimClass_Emma,2012-12-31 23:00:00,2012-01-01 00:00:00,,,Education,,,,Primary/Secondary Classroom,,315404.0,29301.977812,Primary/Secondary School,America/New_York,,Emma,PrimClass,weather14.csv
PrimClass_Emanuel,2012-12-31 23:00:00,2012-01-01 00:00:00,,,Education,,,,Primary/Secondary Classroom,,77247.0,7176.478041,Primary/Secondary School,America/Denver,,Emanuel,PrimClass,weather35.csv
PrimClass_Emer,2012-12-31 23:00:00,2012-01-01 00:00:00,,,Education,,,,Primary/Secondary Classroom,,108405.0,10071.149715,Primary/Secondary School,America/New_York,,Emer,PrimClass,weather12.csv
PrimClass_Eoghan,2012-12-31 23:00:00,2012-01-01 00:00:00,,,Education,,,,Primary/Secondary Classroom,,92032.0,8550.048896,Primary/Secondary School,America/Denver,,Eoghan,PrimClass,weather18.csv
PrimClass_Eli,2012-12-31 23:00:00,2012-01-01 00:00:00,,,Education,,,,Primary/Secondary Classroom,,72333.0,6719.952699,Primary/Secondary School,America/Denver,,Eli,PrimClass,weather18.csv
PrimClass_Edgar,2012-12-31 23:00:00,2012-01-01 00:00:00,,,Education,,,,Primary/Secondary Classroom,,95132.0,8838.048196,Primary/Secondary School,America/Chicago,,Edgar,PrimClass,weather26.csv
PrimClass_Eliana,2012-12-31 23:00:00,2012-01-01 00:00:00,,,Education,,,,Primary/Secondary Classroom,,105215.0,9774.789145,Primary/Secondary School,America/New_York,,Eliana,PrimClass,weather12.csv
PrimClass_Ewan,2012-12-31 23:00:00,2012-01-01 00:00:00,,,Education,,,,Primary/Secondary Classroom,,81681.0,7588.409943,Primary/Secondary School,America/New_York,,Ewan,PrimClass,weather24.csv
PrimClass_Emanuela,2012-12-31 23:00:00,2012-01-01 00:00:00,,,Education,,,,Primary/Secondary Classroom,,153699.0,14279.098197,Primary/Secondary School,America/New_York,,Emanuela,PrimClass,weather29.csv
PrimClass_Erika,2012-12-31 23:00:00,2012-01-01 00:00:00,,,Education,,,,Primary/Secondary Classroom,,217241.0,20182.340623,Primary/Secondary School,America/New_York,,Erika,PrimClass,weather15.csv
PrimClass_Eugene,2012-12-31 23:00:00,2012-01-01 00:00:00,,,Education,,,,Primary/Secondary Classroom,,79503.0,7386.067209,Primary/Secondary School,America/Chicago,,Eugene,PrimClass,weather19.csv
PrimClass_Eleanor,2012-12-31 23:00:00,2012-01-01 00:00:00,,,Education,,,,Primary/Secondary Classroom,,197266.0,18326.603198,Primary/Secondary School,America/Chicago,,Eleanor,PrimClass,weather11.csv
PrimClass_Erica,2012-12-31 23:00:00,2012-01-01 00:00:00,,,Education,,,,Primary/Secondary Classroom,,94150.0,8746.81745,Primary/Secondary School,America/New_York,,Erica,PrimClass,weather14.csv
PrimClass_Elisabeth,2012-12-31 23:00:00,2012-01-01 00:00:00,,,Education,,,,Primary/Secondary Classroom,,92179.0,8563.705637,Primary/Secondary School,America/New_York,,Elisabeth,PrimClass,weather17.csv
PrimClass_Emily,2012-12-31 23:00:00,2012-01-01 00:00:00,,,Education,,,,Primary/Secondary Classroom,,86867.0,8070.204901,Primary/Secondary School,America/New_York,,Emily,PrimClass,weather15.csv
PrimClass_Erin,2012-12-31 23:00:00,2012-01-01 00:00:00,,,Education,,,,Primary/Secondary Classroom,,132737.0,12331.665511,Primary/Secondary School,America/New_York,,Erin,PrimClass,weather15.csv
Office_Emmanuel,2012-12-31 23:00:00,2012-01-01 00:00:00,,,Commercial Property,,,,Office,,126205.0,11724.823115,Business Services,America/New_York,,Emmanuel,Office,weather14.csv
PrimClass_Enrique,2012-12-31 23:00:00,2012-01-01 00:00:00,,,Education,,,,Primary/Secondary Classroom,,175537.0,16307.913911,Primary/Secondary School,America/Chicago,,Enrique,PrimClass,weather11.csv
PrimClass_Elsie,2012-12-31 23:00:00,2012-01-01 00:00:00,,,Education,,,,Primary/Secondary Classroom,,80224.0,7453.050272,Primary/Secondary School,America/New_York,,Elsie,PrimClass,weather38.csv
PrimClass_Ezra,2012-12-31 23:00:00,2012-01-01 00:00:00,,,Education,,,,Primary/Secondary Classroom,,97901.0,9095.296603,Primary/Secondary School,America/Chicago,,Ezra,PrimClass,weather11.csv
PrimClass_Eloise,2012-12-31 23:00:00,2012-01-01 00:00:00,,,Education,,,,Primary/Secondary Classroom,,117074.0,10876.525822,Primary/Secondary School,America/New_York,,Eloise,PrimClass,weather16.csv
PrimClass_Uriah,2013-01-31 23:00:00,2012-02-02 00:00:00,,,Education,,,,Primary/Secondary Classroom,,107639.0,10000.0,Primary/Secondary School,Asia/Singapore,,Uriah,PrimClass,weather10.csv
UnivClass_Terry,2013-12-31 23:00:00,2013-01-01 00:00:00,,,Education,,,,College Classroom,,5389.48473,500.7,College/University,Europe/Zurich,,Terry,UnivClass,weather8.csv
PrimClass_Emilio,2012-12-31 23:00:00,2012-01-01 00:00:00,,,Education,,,,Primary/Secondary Classroom,,129663.0,12046.081689,Primary/Secondary School,America/Chicago,,Emilio,PrimClass,weather21.csv
PrimClass_Eric,2012-12-31 23:00:00,2012-01-01 00:00:00,,,Education,,,,Primary/Secondary Classroom,,274418.0,25494.255454,Primary/Secondary School,America/Chicago,,Eric,PrimClass,weather32.csv
Office_Elijah,2012-12-31 23:00:00,2012-01-01 00:00:00,,,Commercial Property,,,,Office,,1675720.0,155679.41516,Business Services,America/Los_Angeles,,Elijah,Office,weather20.csv
PrimClass_Jarrett,2015-11-30 23:00:00,2014-12-01 00:00:00,,Gas,Education,Gas,1.0,269.0,Primary/Secondary Classroom,D,22948.6348,2132.0,Primary/Secondary School,Europe/London,1967-1976,Jarrett,PrimClass,weather1.csv
Office_Ernesto,2012-12-31 23:00:00,2012-01-01 00:00:00,,,Commercial Property,,,,Office,,191554.0,17795.941262,Corporate Office,America/New_York,,Ernesto,Office,weather36.csv
PrimClass_Jocelyn,2015-11-30 23:00:00,2014-12-01 00:00:00,,Gas,Education,Gas,2.0,293.0,Primary/Secondary Classroom,C,31613.5743,2937.0,Primary/Secondary School,Europe/London,1967-1976,Jocelyn,PrimClass,weather1.csv
PrimClass_Ulysses,2013-01-31 23:00:00,2012-02-02 00:00:00,,,Education,,,,Primary/Secondary Classroom,,129166.8,12000.0,Primary/Secondary School,Asia/Singapore,,Ulysses,PrimClass,weather10.csv
Office_Earnest,2012-12-31 23:00:00,2012-01-01 00:00:00,,,Commercial Property,,,,Office,,169420.0,15739.62626,Corporate Office,America/New_York,,Earnest,Office,weather37.csv
PrimClass_Jediah,2015-11-30 23:00:00,2014-12-01 00:00:00,,Gas,Education,Gas,1.0,,Primary/Secondary Classroom,,23163.9128,2152.0,Primary/Secondary School,Europe/London,1967-1976,Jediah,PrimClass,weather1.csv
Office_Jerri,2015-11-30 23:00:00,2014-12-01 00:00:00,,Gas,Government,Gas,2.0,,Office,,7879.1748,732.0,"City, County, State",Europe/London,pre 1919,Jerri,Office,weather1.csv
UnivDorm_Ursula,2013-01-31 23:00:00,2012-02-02 00:00:00,,,Education,,,,Dormitory,,129166.8,12000.0,Primary/Secondary School,Asia/Singapore,,Ursula,UnivDorm,weather10.csv
UnivLab_Prince,2015-12-31 23:00:00,2015-01-01 00:00:00,,,Education,,,,College Laboratory,,477724.0,44381.992772,College/University,America/New_York,,Prince,UnivLab,weather4.csv
Office_Jayla,2015-11-30 23:00:00,2014-12-01 00:00:00,,Oil,Government,Oil,2.0,0.0,Office,C,16597.9338,1542.0,"City, County, State",Europe/London,Post 1976,Jayla,Office,weather1.csv
Office_Eve,2012-12-31 23:00:00,2012-01-01 00:00:00,,,Commercial Property,,,,Office,,318130.0,29555.23139,Bank/Financial Services,America/Los_Angeles,,Eve,Office,weather27.csv
PrimClass_Uriel,2013-01-31 23:00:00,2012-02-02 00:00:00,,,Education,,,,Primary/Secondary Classroom,,129166.8,12000.0,Primary/Secondary School,Asia/Singapore,,Uriel,PrimClass,weather10.csv
PrimClass_Una,2013-01-31 23:00:00,2012-02-02 00:00:00,,,Education,,,,Primary/Secondary Classroom,,129166.8,12000.0,Primary/Secondary School,Asia/Singapore,,Una,PrimClass,weather10.csv
Office_Landon,2015-11-30 23:00:00,2014-12-01 00:00:00,,Gas,Education,Gas,6.0,,Office,,47727.1326,4434.0,College/University,Europe/London,1928,Landon,Office,weather5.csv
UnivDorm_Camden,2015-12-31 23:00:00,2015-01-01 00:00:00,,,Education,,,,Dormitory,,96336.0,8949.903408,College/University,America/New_York,1913.0,Camden,UnivDorm,weather2.csv
Office_Edmund,2012-12-31 23:00:00,2012-01-01 00:00:00,,,Commercial Property,,,,Office,,476246.0,44244.682138,Commercial Real Estate,America/New_York,,Edmund,Office,weather16.csv
Office_Esteban,2012-12-31 23:00:00,2012-01-01 00:00:00,,,Commercial Property,,,,Office,,428277.0,39788.218131,Commercial Real Estate,America/New_York,,Esteban,Office,weather25.csv
UnivClass_Teddy,2013-12-31 23:00:00,2013-01-01 00:00:00,,,Education,,,,College Classroom,,350333.72969,32547.1,College/University,Europe/Zurich,,Teddy,UnivClass,weather8.csv
PrimClass_Jaiden,2015-11-30 23:00:00,2014-12-01 00:00:00,,Gas,Education,Gas,2.0,414.0,Primary/Secondary Classroom,D,27684.7508,2572.0,Primary/Secondary School,Europe/London,pre 1919,Jaiden,PrimClass,weather1.csv
Office_Elyza,2012-12-31 23:00:00,2012-01-01 00:00:00,,,Commercial Property,,,,Office,,185847.0,17265.743841,Commercial Real Estate,America/New_York,,Elyza,Office,weather31.csv
PrimClass_James,2015-11-30 23:00:00,2014-12-01 00:00:00,,Gas,Education,Gas,2.0,230.0,Primary/Secondary Classroom,C,23185.4406,2154.0,Primary/Secondary School,Europe/London,1945-1966,James,PrimClass,weather1.csv
PrimClass_Jody,2015-11-30 23:00:00,2014-12-01 00:00:00,,Gas,Education,Gas,2.0,64.0,Primary/Secondary Classroom,B,42883.3776,3984.0,Primary/Secondary School,Europe/London,1967-1976,Jody,PrimClass,weather1.csv
Office_Edith,2012-12-31 23:00:00,2012-01-01 00:00:00,,,Commercial Property,,,,Office,,179665.0,16691.417495,Business Services,America/New_York,,Edith,Office,weather30.csv
Office_Josiah,2015-11-30 23:00:00,2014-12-01 00:00:00,,Gas,Government,Gas,2.0,,Office,,12206.2626,1134.0,"City, County, State",Europe/London,post 1976,Josiah,Office,weather1.csv
UnivDorm_Carmen,2015-12-31 23:00:00,2015-01-01 00:00:00,,,Education,,,,Dormitory,,40629.0,3774.555987,College/University,America/New_York,1975.0,Carmen,UnivDorm,weather2.csv
UnivClass_Cadence,2015-12-31 23:00:00,2015-01-01 00:00:00,,,Education,,,,College Classroom,,31415.0,2918.547745,College/University,America/New_York,1912.0,Cadence,UnivClass,weather2.csv
PrimClass_Justice,2015-11-30 23:00:00,2014-12-01 00:00:00,,Gas,Education,Gas,1.0,396.0,Primary/Secondary Classroom,C,20203.8403,1877.0,Primary/Secondary School,Europe/London,post 1976,Justice,PrimClass,weather1.csv
PrimClass_Julius,2015-11-30 23:00:00,2014-12-01 00:00:00,,Gas,Government,Gas,2.0,,Primary/Secondary Classroom,C,23486.8298,2182.0,Primary/Secondary School,Europe/London,1945-1966,Julius,PrimClass,weather1.csv
PrimClass_Jeremiah,2015-11-30 23:00:00,2014-12-01 00:00:00,,Gas,Government,Gas,4.0,1173.0,Primary/Secondary Classroom,D,95432.7374,8866.0,Primary/Secondary School,Europe/London,1945-1966,Jeremiah,PrimClass,weather1.csv
PrimClass_Jason,2015-11-30 23:00:00,2014-12-01 00:00:00,,Gas,Education,Gas,3.0,517.0,Primary/Secondary Classroom,C,31635.1021,2939.0,Primary/Secondary School,Europe/London,1945-1966,Jason,PrimClass,weather1.csv
PrimClass_Joann,2015-11-30 23:00:00,2014-12-01 00:00:00,,Gas,Education,Gas,1.0,515.0,Primary/Secondary Classroom,C,28190.6541,2619.0,Primary/Secondary School,Europe/London,pre 1919,Joann,PrimClass,weather1.csv
PrimClass_Janet,2015-11-30 23:00:00,2014-12-01 00:00:00,,Gas,Education,Gas,2.0,348.0,Primary/Secondary Classroom,C,27663.223,2570.0,Primary/Secondary School,Europe/London,1945-1966,Janet,PrimClass,weather1.csv
PrimClass_Javier,2015-11-30 23:00:00,2014-12-01 00:00:00,,Gas,Education,Gas,2.0,304.0,Primary/Secondary Classroom,D,30300.3785,2815.0,Primary/Secondary School,Europe/London,1945-1966,Javier,PrimClass,weather1.csv
PrimClass_Juliette,2015-11-30 23:00:00,2014-12-01 00:00:00,,Gas,Education,Gas,1.0,101.0,Primary/Secondary Classroom,,7922.2304,736.0,Primary/Secondary School,Europe/London,1945-1966,Juliette,PrimClass,weather1.csv
PrimClass_Jeanine,2015-11-30 23:00:00,2014-12-01 00:00:00,,Gas,Government,Gas,2.0,441.0,Primary/Secondary Classroom,C,25133.7065,2335.0,Primary/Secondary School,Europe/London,1945-1966,Jeanine,PrimClass,weather1.csv
PrimClass_Jayne,2015-11-30 23:00:00,2014-12-01 00:00:00,,Gas,Education,Gas,4.0,29.0,Primary/Secondary Classroom,E,12087.8597,1123.0,Primary/Secondary School,Europe/London,pre 1919,Jayne,PrimClass,weather1.csv
PrimClass_Jennie,2015-11-30 23:00:00,2014-12-01 00:00:00,,Gas,Education,Gas,1.0,317.0,Primary/Secondary Classroom,D,34562.8829,3211.0,Primary/Secondary School,Europe/London,1945-1966,Jennie,PrimClass,weather1.csv
PrimClass_Jill,2015-11-30 23:00:00,2014-12-01 00:00:00,,Gas,Education,Gas,2.0,315.0,Primary/Secondary Classroom,E,27501.7645,2555.0,Primary/Secondary School,Europe/London,post 1976,Jill,PrimClass,weather1.csv
PrimClass_Jorja,2015-11-30 23:00:00,2014-12-01 00:00:00,,Gas,Education,Gas,2.0,387.0,Primary/Secondary Classroom,D,22184.3979,2061.0,Primary/Secondary School,Europe/London,pre 1919,Jorja,PrimClass,weather1.csv
PrimClass_Jesse,2015-11-30 23:00:00,2014-12-01 00:00:00,,Gas,Government,Gas,1.0,171.0,Primary/Secondary Classroom,F,14025.3617,1303.0,Primary/Secondary School,Europe/London,1945-1966,Jesse,PrimClass,weather1.csv
Office_Manuel,2015-04-30 23:00:00,2014-05-01 00:00:00,,,Education,,,,Office,,33401.0,3103.053103,College/University,America/Chicago,,Manuel,Office,weather3.csv
PrimClass_Jimmy,2015-11-30 23:00:00,2014-12-01 00:00:00,,Gas,Education,Gas,3.0,241.0,Primary/Secondary Classroom,D,26027.1102,2418.0,Primary/Secondary School,Europe/London,pre 1919,Jimmy,PrimClass,weather1.csv
PrimClass_Joselyn,2015-11-30 23:00:00,2014-12-01 00:00:00,,Gas,Education,Gas,2.0,427.0,Primary/Secondary Classroom,C,25865.6517,2403.0,Primary/Secondary School,Europe/London,pre 1919,Joselyn,PrimClass,weather1.csv
PrimClass_Joanne,2015-11-30 23:00:00,2014-12-01 00:00:00,,Gas,Education,Gas,4.0,1164.0,Primary/Secondary Classroom,E,126045.269,11710.0,Primary/Secondary School,Europe/London,1945-1966,Joanne,PrimClass,weather1.csv
UnivClass_Connie,2015-12-31 23:00:00,2015-01-01 00:00:00,,,Education,,,,College Classroom,,23232.0,2158.322496,College/University,America/New_York,1871.0,Connie,UnivClass,weather2.csv
PrimClass_Johanna,2015-11-30 23:00:00,2014-12-01 00:00:00,,Gas,Education,Gas,2.0,284.0,Primary/Secondary Classroom,C,28825.7242,2678.0,Primary/Secondary School,Europe/London,post 1976,Johanna,PrimClass,weather1.csv
PrimClass_Johnathon,2015-11-30 23:00:00,2014-12-01 00:00:00,,Gas,Government,Gas,2.0,235.0,Primary/Secondary Classroom,C,11603.4842,1078.0,Primary/Secondary School,Europe/London,1919-1945,Johnathon,PrimClass,weather1.csv
PrimClass_Jeffery,2015-11-30 23:00:00,2014-12-01 00:00:00,,Gas,Education,Gas,1.0,40.0,Primary/Secondary Classroom,E,12970.4995,1205.0,Primary/Secondary School,Europe/London,1967-1976,Jeffery,PrimClass,weather1.csv
PrimClass_Jillian,2015-11-30 23:00:00,2014-12-01 00:00:00,,Gas,Education,Gas,3.0,353.0,Primary/Secondary Classroom,C,33981.6323,3157.0,Primary/Secondary School,Europe/London,1967-1976,Jillian,PrimClass,weather1.csv
PrimClass_Jimmie,2015-11-30 23:00:00,2014-12-01 00:00:00,,Gas,Education,Gas,2.0,383.0,Primary/Secondary Classroom,D,31871.9079,2961.0,Primary/Secondary School,Europe/London,pre 1919,Jimmie,PrimClass,weather1.csv
UnivLab_Belinda,2012-12-31 23:00:00,2012-01-01 00:00:00,,,Education,,,,College Laboratory,,203787.0,18932.423661,College/University,America/Los_Angeles,1999.0,Belinda,UnivLab,weather7.csv
PrimClass_Jesus,2015-11-30 23:00:00,2014-12-01 00:00:00,,Gas,Education,Gas,1.0,235.0,Primary/Secondary Classroom,D,11463.5535,1065.0,Primary/Secondary School,Europe/London,post 1976,Jesus,PrimClass,weather1.csv
PrimClass_Jayson,2015-11-30 23:00:00,2014-12-01 00:00:00,,Gas,Education,Gas,2.0,359.0,Primary/Secondary Classroom,D,29148.6412,2708.0,Primary/Secondary School,Europe/London,pre 1919,Jayson,PrimClass,weather1.csv
PrimClass_Janelle,2015-11-30 23:00:00,2014-12-01 00:00:00,,Gas,Government,Gas,2.0,1104.0,Primary/Secondary Classroom,C,137045.9748,12732.0,Primary/Secondary School,Europe/London,1945-1966,Janelle,PrimClass,weather1.csv
PrimClass_Jamie,2015-11-30 23:00:00,2014-12-01 00:00:00,,Gas,Education,Gas,1.0,201.0,Primary/Secondary Classroom,D,11689.5954,1086.0,Primary/Secondary School,Europe/London,1967-1976,Jamie,PrimClass,weather1.csv
PrimClass_Jolie,2015-11-30 23:00:00,2014-12-01 00:00:00,,Gas,Education,Gas,2.0,300.0,Primary/Secondary Classroom,E,18696.8943,1737.0,Primary/Secondary School,Europe/London,pre 1919,Jolie,PrimClass,weather1.csv
PrimClass_Joy,2015-11-30 23:00:00,2014-12-01 00:00:00,,Gas,Education,Gas,2.0,583.0,Primary/Secondary Classroom,D,32194.8249,2991.0,Primary/Secondary School,Europe/London,pre 1919,Joy,PrimClass,weather1.csv
UnivClass_Jensen,2015-11-30 23:00:00,2014-12-01 00:00:00,,Gas,Education,Gas,3.0,,College Classroom,D,109070.5987,10133.0,College/University,Europe/London,1945-1966,Jensen,UnivClass,weather1.csv
Office_Mario,2015-04-30 23:00:00,2014-05-01 00:00:00,100.0,,Education,,,,Office,,20864.0,1938.328192,College/University,America/Chicago,,Mario,Office,weather3.csv
UnivClass_Brooke,2012-12-31 23:00:00,2012-01-01 00:00:00,,,Education,,,,College Classroom,,57600.0,5351.2128,College/University,America/Los_Angeles,1948.0,Brooke,UnivClass,weather7.csv
PrimClass_Jaxon,2015-11-30 23:00:00,2014-12-01 00:00:00,,Gas,Education,Gas,2.0,1071.0,Primary/Secondary Classroom,D,88855.9945,8255.0,Primary/Secondary School,Europe/London,post 1976,Jaxon,PrimClass,weather1.csv
PrimClass_Jacob,2015-11-30 23:00:00,2014-12-01 00:00:00,,Gas,Education,Gas,3.0,489.0,Primary/Secondary Classroom,C,29891.3503,2777.0,Primary/Secondary School,Europe/London,1945-1966,Jacob,PrimClass,weather1.csv
PrimClass_Jerome,2015-11-30 23:00:00,2014-12-01 00:00:00,,Gas,Education,Gas,1.0,313.0,Primary/Secondary Classroom,C,24089.6082,2238.0,Primary/Secondary School,Europe/London,post 1976,Jerome,PrimClass,weather1.csv
PrimClass_Jennifer,2015-11-30 23:00:00,2014-12-01 00:00:00,,Gas,Education,Gas,1.0,197.0,Primary/Secondary Classroom,D,10914.5946,1014.0,Primary/Secondary School,Europe/London,1967-1976,Jennifer,PrimClass,weather1.csv
Office_Miriam,2015-04-30 23:00:00,2014-05-01 00:00:00,87.0,,Education,,,,Office,,92994.0,8639.421582,College/University,America/Chicago,,Miriam,Office,weather3.csv
PrimClass_Jane,2015-11-30 23:00:00,2014-12-01 00:00:00,,Gas,Education,Gas,3.0,956.0,Primary/Secondary Classroom,C,93764.3329,8711.0,Primary/Secondary School,Europe/London,1919-1945,Jane,PrimClass,weather1.csv
PrimClass_Janis,2015-11-30 23:00:00,2014-12-01 00:00:00,,Gas,Education,Gas,2.0,333.0,Primary/Secondary Classroom,D,18201.7549,1691.0,Primary/Secondary School,Europe/London,pre 1919,Janis,PrimClass,weather1.csv
PrimClass_Jodi,2015-11-30 23:00:00,2014-12-01 00:00:00,,Gas,Education,Gas,1.0,456.0,Primary/Secondary Classroom,D,35768.4397,3323.0,Primary/Secondary School,Europe/London,1945-1966,Jodi,PrimClass,weather1.csv
PrimClass_Jaden,2015-11-30 23:00:00,2014-12-01 00:00:00,,Gas,Education,Gas,1.0,193.0,Primary/Secondary Classroom,,13788.5559,1281.0,Primary/Secondary School,Europe/London,pre 1919,Jaden,PrimClass,weather1.csv
Office_Caroline,2015-12-31 23:00:00,2015-01-01 00:00:00,,,Education,,,,Office,,21618.0,2008.377054,College/University,America/New_York,1887.0,Caroline,Office,weather2.csv
UnivDorm_Patty,2015-12-31 23:00:00,2015-01-01 00:00:00,,,Education,,,,Dormitory,,87661.0,8143.969883,College/University,America/New_York,,Patty,UnivDorm,weather4.csv
PrimClass_Josue,2015-11-30 23:00:00,2014-12-01 00:00:00,,Gas,Education,Gas,1.0,402.0,Primary/Secondary Classroom,D,23293.0796,2164.0,Primary/Secondary School,Europe/London,post 1976,Josue,PrimClass,weather1.csv
UnivClass_Tom,2013-12-31 23:00:00,2013-01-01 00:00:00,,,Education,,,,College Classroom,,5119.31084,475.6,College/University,Europe/Zurich,,Tom,UnivClass,weather8.csv
PrimClass_Jermaine,2015-11-30 23:00:00,2014-12-01 00:00:00,,Gas,Education,Gas,2.0,287.0,Primary/Secondary Classroom,D,15801.4052,1468.0,Primary/Secondary School,Europe/London,1967-1976,Jermaine,PrimClass,weather1.csv
Office_Miles,2015-04-30 23:00:00,2014-05-01 00:00:00,88.0,,Education,,,,Office,,84365.0,7837.761595,College/University,America/Chicago,,Miles,Office,weather3.csv
PrimClass_Jacqueline,2015-11-30 23:00:00,2014-12-01 00:00:00,,Gas,Education,Gas,4.0,1500.0,Primary/Secondary Classroom,C,128682.4245,11955.0,Primary/Secondary School,Europe/London,1945-1966,Jacqueline,PrimClass,weather1.csv
PrimClass_Jolene,2015-11-30 23:00:00,2014-12-01 00:00:00,,Gas,Education,Gas,3.0,362.0,Primary/Secondary Classroom,D,37264.6218,3462.0,Primary/Secondary School,Europe/London,pre 1919,Jolene,PrimClass,weather1.csv
Office_Juanita,2015-11-30 23:00:00,2014-12-01 00:00:00,,Gas,Government,Gas,1.0,12.0,Office,G,11872.5817,1103.0,"City, County, State",Europe/London,1945-1966,Juanita,Office,weather1.csv
UnivDorm_Cristian,2015-12-31 23:00:00,2015-01-01 00:00:00,,,Education,,,,Dormitory,,40492.0,3761.828276,College/University,America/New_York,1975.0,Cristian,UnivDorm,weather2.csv
PrimClass_Joseph,2015-11-30 23:00:00,2014-12-01 00:00:00,,Gas,Education,Gas,1.0,464.0,Primary/Secondary Classroom,D,23842.0385,2215.0,Primary/Secondary School,Europe/London,1919-1945,Joseph,PrimClass,weather1.csv
UnivDorm_Colleen,2015-12-31 23:00:00,2015-01-01 00:00:00,,,Education,,,,Dormitory,,41302.0,3837.079706,College/University,America/New_York,1975.0,Colleen,UnivDorm,weather2.csv
PrimClass_Jerry,2015-11-30 23:00:00,2014-12-01 00:00:00,,Gas,Education,Gas,2.0,197.0,Primary/Secondary Classroom,E,14972.5849,1391.0,Primary/Secondary School,Europe/London,1967-1976,Jerry,PrimClass,weather1.csv
PrimClass_Jazmine,2015-11-30 23:00:00,2014-12-01 00:00:00,,Gas,Education,Gas,2.0,875.0,Primary/Secondary Classroom,D,120566.4439,11201.0,Primary/Secondary School,Europe/London,1919-1945,Jazmine,PrimClass,weather1.csv
UnivDorm_Carissa,2015-12-31 23:00:00,2015-01-01 00:00:00,,,Education,,,,Dormitory,,61439.0,5707.867417,College/University,America/New_York,1903.0,Carissa,UnivDorm,weather2.csv
UnivDorm_Paulina,2015-12-31 23:00:00,2015-01-01 00:00:00,,,Education,,,,Dormitory,,48519.0,4507.560657,College/University,America/New_York,,Paulina,UnivDorm,weather4.csv
PrimClass_Jodie,2015-11-30 23:00:00,2014-12-01 00:00:00,,Gas,Education,Gas,3.0,1695.0,Primary/Secondary Classroom,C,139112.6436,12924.0,Primary/Secondary School,Europe/London,1967-1976,Jodie,PrimClass,weather1.csv
UnivLab_Cary,2015-12-31 23:00:00,2015-01-01 00:00:00,,,Education,,,,College Laboratory,,124521.0,11568.374463,College/University,America/New_York,1967.0,Cary,UnivLab,weather2.csv
UnivDorm_Jeanne,2015-11-30 23:00:00,2014-12-01 00:00:00,,Gas,Government,Gas,3.0,34.0,Dormitory,D,7588.5495,705.0,Social Services,Europe/London,Post 1976,Jeanne,UnivDorm,weather1.csv
Office_Mohamed,2015-04-30 23:00:00,2014-05-01 00:00:00,83.0,,Education,,,,Office,,37096.0,3446.329688,College/University,America/Chicago,,Mohamed,Office,weather3.csv
PrimClass_Jasmin,2015-11-30 23:00:00,2014-12-01 00:00:00,,Gas,Education,Gas,3.0,524.0,Primary/Secondary Classroom,D,28976.4188,2692.0,Primary/Secondary School,Europe/London,pre 1919,Jasmin,PrimClass,weather1.csv
PrimClass_Jordan,2015-11-30 23:00:00,2014-12-01 00:00:00,,Gas,Education,Gas,3.0,1140.0,Primary/Secondary Classroom,D,121470.6115,11285.0,Primary/Secondary School,Europe/London,1945-1966,Jordan,PrimClass,weather1.csv
UnivDorm_Christine,2015-12-31 23:00:00,2015-01-01 00:00:00,,,Education,,,,Dormitory,,41236.0,3830.948108,College/University,America/New_York,1975.0,Christine,UnivDorm,weather2.csv
PrimClass_Julie,2015-11-30 23:00:00,2014-12-01 00:00:00,,Gas,Education,Gas,1.0,392.0,Primary/Secondary Classroom,D,23605.2327,2193.0,Primary/Secondary School,Europe/London,1967-1976,Julie,PrimClass,weather1.csv
UnivClass_Alan,2015-12-31 23:00:00,2015-01-01 00:00:00,,,Education,,,,College Classroom,,179167.0,16645.151801,College/University,America/Phoenix,1971.0,Alan,UnivClass,weather0.csv
Office_Thomas,2013-12-31 23:00:00,2013-01-01 00:00:00,,,Education,,,,Office,,18103.80341,1681.9,College/University,Europe/Zurich,,Thomas,Office,weather8.csv
PrimClass_Jade,2015-11-30 23:00:00,2014-12-01 00:00:00,,Gas,Education,Gas,2.0,403.0,Primary/Secondary Classroom,C,23153.1489,2151.0,Primary/Secondary School,Europe/London,1967-1976,Jade,PrimClass,weather1.csv
PrimClass_Jose,2015-11-30 23:00:00,2014-12-01 00:00:00,,Gas,Education,Gas,1.0,389.0,Primary/Secondary Classroom,D,17050.0176,1584.0,Primary/Secondary School,Europe/London,1945-1966,Jose,PrimClass,weather1.csv
UnivDorm_Martin,2015-04-30 23:00:00,2014-05-01 00:00:00,46.0,,Education,,,,Dormitory,,230747.0,21437.08854,College/University,America/Chicago,,Martin,UnivDorm,weather3.csv
UnivClass_Teri,2013-12-31 23:00:00,2013-01-01 00:00:00,,,Education,,,,College Classroom,,137744.55191,12796.9,College/University,Europe/Zurich,,Teri,UnivClass,weather8.csv
PrimClass_Joni,2015-11-30 23:00:00,2014-12-01 00:00:00,,Gas,Education,Gas,3.0,856.0,Primary/Secondary Classroom,G,94657.7366,8794.0,Primary/Secondary School,Europe/London,1967-1976,Joni,PrimClass,weather1.csv
UnivDorm_Carla,2015-12-31 23:00:00,2015-01-01 00:00:00,,,Education,,,,Dormitory,,168791.0,15681.190273,College/University,America/New_York,1946.0,Carla,UnivDorm,weather2.csv
UnivDorm_Leann,2015-11-30 23:00:00,2014-12-01 00:00:00,,Gas,Education,Gas,16.0,,Dormitory,F,62893.4677,5843.0,College/University,Europe/London,1960,Leann,UnivDorm,weather5.csv
PrimClass_Joey,2015-11-30 23:00:00,2014-12-01 00:00:00,,Gas,Education,Gas,2.0,219.0,Primary/Secondary Classroom,E,17189.9483,1597.0,Primary/Secondary School,Europe/London,pre 1919,Joey,PrimClass,weather1.csv
PrimClass_Jakob,2015-11-30 23:00:00,2014-12-01 00:00:00,,Gas,Education,Gas,4.0,,Primary/Secondary Classroom,G,30612.5316,2844.0,Primary/Secondary School,Europe/London,Post 1976,Jakob,PrimClass,weather1.csv
PrimClass_Jeffry,2015-11-30 23:00:00,2014-12-01 00:00:00,,Gas,Education,Gas,1.0,149.0,Primary/Secondary Classroom,D,13939.2505,1295.0,Primary/Secondary School,Europe/London,1967-1976,Jeffry,PrimClass,weather1.csv
Office_Marty,2015-04-30 23:00:00,2014-05-01 00:00:00,,,Education,,,,Office,,72709.0,6754.884227,College/University,America/Chicago,,Marty,Office,weather3.csv
UnivClass_Cesar,2015-12-31 23:00:00,2015-01-01 00:00:00,,,Education,,,,College Classroom,,124289.0,11546.820967,College/University,America/New_York,1904.0,Cesar,UnivClass,weather2.csv
PrimClass_Jai,2015-11-30 23:00:00,2014-12-01 00:00:00,,Biomass,Education,Biomass,2.0,1400.0,Primary/Secondary Classroom,,155807.4525,14475.0,Primary/Secondary School,Europe/London,2013,Jai,PrimClass,weather1.csv
UnivDorm_Conner,2015-12-31 23:00:00,2015-01-01 00:00:00,,,Education,,,,Dormitory,,166814.0,15497.521042,College/University,America/New_York,1929.0,Conner,UnivDorm,weather2.csv
UnivClass_Sandra,2015-11-30 23:00:00,2014-12-01 00:00:00,,,Education,,,,College Classroom,C,15715.294,1460.0,College/University,Europe/London,1948,Sandra,UnivClass,weather6.csv
PrimClass_Josie,2015-11-30 23:00:00,2014-12-01 00:00:00,,Gas,Education,Gas,4.0,1598.0,Primary/Secondary Classroom,E,102429.2724,9516.0,Primary/Secondary School,Europe/London,1919-1945,Josie,PrimClass,weather1.csv
UnivClass_Andrew,2015-12-31 23:00:00,2015-01-01 00:00:00,,,Education,,,,College Classroom,,44203.0,4106.591309,College/University,America/Phoenix,1950.0,Andrew,UnivClass,weather0.csv
PrimClass_Jeanette,2015-11-30 23:00:00,2014-12-01 00:00:00,,Gas,Education,Gas,2.0,909.0,Primary/Secondary Classroom,D,68695.2098,6382.0,Primary/Secondary School,Europe/London,1945-1966,Jeanette,PrimClass,weather1.csv
Office_Brenna,2012-12-31 23:00:00,2012-01-01 00:00:00,,,Education,,,,Office,,137297.0,12755.303191,College/University,America/Los_Angeles,1917.0,Brenna,Office,weather7.csv
Office_Gilberto,2015-11-30 23:00:00,2014-12-01 00:00:00,,District Heating,Government,,7.0,188.0,Office,C,33960.1045,3155.0,Other Government Buildings,Europe/London,1900,Gilberto,Office,weather5.csv
PrimClass_Jana,2015-11-30 23:00:00,2014-12-01 00:00:00,,Gas,Education,Gas,1.0,230.0,Primary/Secondary Classroom,E,12927.4439,1201.0,Primary/Secondary School,Europe/London,1967-1976,Jana,PrimClass,weather1.csv
Office_Stacie,2015-11-30 23:00:00,2014-12-01 00:00:00,,,Education,,,,Office,C,16985.4342,1578.0,College/University,Europe/London,1978,Stacie,Office,weather6.csv
Office_Marisa,2015-04-30 23:00:00,2014-05-01 00:00:00,,,Education,,,,Office,,47578.0,4420.138934,College/University,America/Chicago,,Marisa,Office,weather3.csv
Office_Misty,2015-04-30 23:00:00,2014-05-01 00:00:00,85.0,,Education,,,,Office,,56569.0,5255.429807,College/University,America/Chicago,,Misty,Office,weather3.csv
UnivDorm_Polly,2015-12-31 23:00:00,2015-01-01 00:00:00,,,Education,,,,Dormitory,,93313.0,8669.057639,College/University,America/New_York,,Polly,UnivDorm,weather4.csv
Office_Anne,2015-12-31 23:00:00,2015-01-01 00:00:00,,,Education,,,,Office,,131797.0,12244.336691,College/University,America/Phoenix,1968.0,Anne,Office,weather0.csv
PrimClass_Judy,2015-11-30 23:00:00,2014-12-01 00:00:00,,Gas,Education,Gas,3.0,1395.0,Primary/Secondary Classroom,C,121061.5833,11247.0,Primary/Secondary School,Europe/London,1967-1976,Judy,PrimClass,weather1.csv
PrimClass_Jacquelyn,2015-11-30 23:00:00,2014-12-01 00:00:00,,Gas,Education,Gas,2.0,124.0,Primary/Secondary Classroom,E,17103.8371,1589.0,Primary/Secondary School,Europe/London,1945-1966,Jacquelyn,PrimClass,weather1.csv
UnivDorm_Pauline,2015-12-31 23:00:00,2015-01-01 00:00:00,,,Education,,,,Dormitory,,93500.0,8686.4305,College/University,America/New_York,,Pauline,UnivDorm,weather4.csv
UnivDorm_America,2015-12-31 23:00:00,2015-01-01 00:00:00,,,Education,,,,Dormitory,,216526.0,20115.914978,College/University,America/Phoenix,1967.0,America,UnivDorm,weather0.csv
Office_Mark,2015-04-30 23:00:00,2014-05-01 00:00:00,91.0,,Education,,,,Office,,80205.0,7451.285115,College/University,America/Chicago,,Mark,Office,weather3.csv
UnivLab_Cam,2015-12-31 23:00:00,2015-01-01 00:00:00,,,Education,,,,College Laboratory,,18342.0,1704.026826,College/University,America/New_York,1960.0,Cam,UnivLab,weather2.csv
PrimClass_Jonathon,2015-11-30 23:00:00,2014-12-01 00:00:00,,Gas,Education,Gas,1.0,214.0,Primary/Secondary Classroom,D,15413.9048,1432.0,Primary/Secondary School,Europe/London,post 1976,Jonathon,PrimClass,weather1.csv
Office_Josephine,2015-11-30 23:00:00,2014-12-01 00:00:00,,Gas,Government,Gas,2.0,133.0,Office,E,19428.8395,1805.0,"City, County, State",Europe/London,1919-1945,Josephine,Office,weather1.csv
UnivLab_Catherine,2015-12-31 23:00:00,2015-01-01 00:00:00,,,Education,,,,College Laboratory,,9552.0,887.409456,College/University,America/New_York,1961.0,Catherine,UnivLab,weather2.csv
UnivDorm_Christian,2015-12-31 23:00:00,2015-01-01 00:00:00,,,Education,,,,Dormitory,,20291.0,1885.094773,College/University,America/New_York,1925.0,Christian,UnivDorm,weather2.csv
PrimClass_Jenny,2015-11-30 23:00:00,2014-12-01 00:00:00,,Gas,Education,Gas,2.0,262.0,Primary/Secondary Classroom,C,19041.3391,1769.0,Primary/Secondary School,Europe/London,post 1976,Jenny,PrimClass,weather1.csv
Office_Melanie,2015-04-30 23:00:00,2014-05-01 00:00:00,47.0,,Education,,,,Office,,28991.0,2693.350873,College/University,America/Chicago,,Melanie,Office,weather3.csv
UnivDorm_Clifford,2015-12-31 23:00:00,2015-01-01 00:00:00,,,Education,,,,Dormitory,,39538.0,3673.198814,College/University,America/New_York,1953.0,Clifford,UnivDorm,weather2.csv
UnivDorm_Larry,2015-11-30 23:00:00,2014-12-01 00:00:00,,Gas,Education,Gas,8.0,,Dormitory,D,83108.0719,7721.0,College/University,Europe/London,1995,Larry,UnivDorm,weather5.csv
Office_Jaxson,2015-11-30 23:00:00,2014-12-01 00:00:00,,Gas,Government,Gas,2.0,,Office,C,7416.3271,689.0,"City, County, State",Europe/London,Post 1976,Jaxson,Office,weather1.csv
UnivClass_Pat,2015-12-31 23:00:00,2015-01-01 00:00:00,,,Education,,,,College Classroom,,80325.0,7462.433475,College/University,America/New_York,,Pat,UnivClass,weather4.csv
PrimClass_Joel,2015-11-30 23:00:00,2014-12-01 00:00:00,,Gas,Education,Gas,2.0,322.0,Primary/Secondary Classroom,C,24251.0667,2253.0,Primary/Secondary School,Europe/London,1945-1966,Joel,PrimClass,weather1.csv
Office_Janine,2015-11-30 23:00:00,2014-12-01 00:00:00,,Gas,Government,Gas,2.0,33.0,Office,,4650.0048,432.0,"City, County, State",Europe/London,post 1976,Janine,Office,weather1.csv
PrimClass_Jadyn,2015-11-30 23:00:00,2014-12-01 00:00:00,,Gas,Education,Gas,4.0,1598.0,Primary/Secondary Classroom,D,160037.6652,14868.0,Primary/Secondary School,Europe/London,1945-1966,Jadyn,PrimClass,weather1.csv
Office_Phillip,2015-12-31 23:00:00,2015-01-01 00:00:00,,,Education,,,,Office,,42129.0,3913.910487,College/University,America/New_York,,Phillip,Office,weather4.csv
Office_Aoife,2015-12-31 23:00:00,2015-01-01 00:00:00,,,Education,,,,Office,,28750.0,2670.96125,College/University,America/Phoenix,,Aoife,Office,weather0.csv
PrimClass_Jaime,2015-11-30 23:00:00,2014-12-01 00:00:00,,Gas,Education,Gas,1.0,270.0,Primary/Secondary Classroom,D,66187.2211,6149.0,Primary/Secondary School,Europe/London,post 1976,Jaime,PrimClass,weather1.csv
Office_Asher,2015-12-31 23:00:00,2015-01-01 00:00:00,,,Education,,,,Office,,42214.0,3921.807242,College/University,America/Phoenix,1985.0,Asher,Office,weather0.csv
UnivDorm_Phyllis,2015-12-31 23:00:00,2015-01-01 00:00:00,,,Education,,,,Dormitory,,44352.0,4120.433856,College/University,America/New_York,,Phyllis,UnivDorm,weather4.csv
UnivClass_Antoinette,2015-12-31 23:00:00,2015-01-01 00:00:00,,,Education,,,,College Classroom,,78268.0,7271.332004,College/University,America/Phoenix,1964.0,Antoinette,UnivClass,weather0.csv
Office_Mick,2015-04-30 23:00:00,2014-05-01 00:00:00,94.0,,Education,,,,Office,,131745.0,12239.50574,College/University,America/Chicago,,Mick,Office,weather3.csv
Office_Aine,2015-12-31 23:00:00,2015-01-01 00:00:00,,,Education,,,,Office,,29778.0,2766.465534,College/University,America/Phoenix,,Aine,Office,weather0.csv
Office_Mohammed,2015-04-30 23:00:00,2014-05-01 00:00:00,,,Education,,,,Office,,119509.0,11102.74463,College/University,America/Chicago,,Mohammed,Office,weather3.csv
Office_Collin,2015-12-31 23:00:00,2015-01-01 00:00:00,,,Education,,,,Office,,87977.0,8173.327231,College/University,America/New_York,1947.0,Collin,Office,weather2.csv
Office_Staci,2015-11-30 23:00:00,2014-12-01 00:00:00,,,Education,,,,Office,B,24681.6227,2293.0,College/University,Europe/London,1970,Staci,Office,weather6.csv
Office_Cara,2015-12-31 23:00:00,2015-01-01 00:00:00,,,Education,,,,Office,,11524.0,1070.614172,College/University,America/New_York,1994.0,Cara,Office,weather2.csv
Office_Niall,2015-10-31 23:00:00,2014-11-01 00:00:00,,,Education,,,1947.0,Office,,92121.0,8558.317263,College/University,America/Chicago,,Niall,Office,weather9.csv
PrimClass_Abraham,2015-12-31 23:00:00,2015-01-01 00:00:00,,,Education,,,,Primary/Secondary Classroom,,16744.0,1555.567832,College/University,America/Phoenix,,Abraham,PrimClass,weather0.csv
Office_Addison,2015-12-31 23:00:00,2015-01-01 00:00:00,,,Education,,,,Office,,74180.0,6891.54454,College/University,America/Phoenix,1930.0,Addison,Office,weather0.csv
UnivDorm_Clay,2015-12-31 23:00:00,2015-01-01 00:00:00,,,Education,,,,Dormitory,,18277.0,1697.988131,College/University,America/New_York,1965.0,Clay,UnivDorm,weather2.csv
UnivDorm_Cierra,2015-12-31 23:00:00,2015-01-01 00:00:00,,,Education,,,,Dormitory,,98624.0,9162.465472,College/University,America/New_York,1866.0,Cierra,UnivDorm,weather2.csv
UnivDorm_Alonzo,2015-12-31 23:00:00,2015-01-01 00:00:00,,,Education,,,,Dormitory,,49108.0,4562.280524,College/University,America/Phoenix,1951.0,Alonzo,UnivDorm,weather0.csv
UnivClass_Aisling,2015-12-31 23:00:00,2015-01-01 00:00:00,,,Education,,,,College Classroom,,25139.0,2335.488517,College/University,America/Phoenix,1970.0,Aisling,UnivClass,weather0.csv
UnivDorm_Alberto,2015-12-31 23:00:00,2015-01-01 00:00:00,,,Education,,,,Dormitory,,553210.0,51394.86863,College/University,America/Phoenix,2009.0,Alberto,UnivDorm,weather0.csv
Office_Jackson,2015-11-30 23:00:00,2014-12-01 00:00:00,,Gas,Government,Gas,3.0,293.0,Office,E,152470.6435,14165.0,"City, County, State",Europe/London,Pre 1919,Jackson,Office,weather1.csv
Office_Mason,2015-04-30 23:00:00,2014-05-01 00:00:00,,,Education,,,,Office,,87187.0,8099.933861,College/University,America/Chicago,,Mason,Office,weather3.csv
UnivDorm_Charlie,2015-12-31 23:00:00,2015-01-01 00:00:00,,,Education,,,,Dormitory,,48881.0,4541.191543,College/University,America/New_York,1902.0,Charlie,UnivDorm,weather2.csv
Office_Madyson,2015-04-30 23:00:00,2014-05-01 00:00:00,86.0,,Education,,,,Office,,94988.0,8824.670164,College/University,America/Chicago,,Madyson,Office,weather3.csv
UnivClass_Alina,2015-12-31 23:00:00,2015-01-01 00:00:00,,,Education,,,,College Classroom,,49078.0,4559.493434,College/University,America/Phoenix,1914.0,Alina,UnivClass,weather0.csv
UnivDorm_Cassie,2015-12-31 23:00:00,2015-01-01 00:00:00,,,Education,,,,Dormitory,,133594.0,12411.283382,College/University,America/New_York,1961.0,Cassie,UnivDorm,weather2.csv
UnivClass_Angus,2015-12-31 23:00:00,2015-01-01 00:00:00,,,Education,,,,College Classroom,,12773.0,1186.650019,College/University,America/Phoenix,,Angus,UnivClass,weather0.csv
UnivClass_Andy,2015-12-31 23:00:00,2015-01-01 00:00:00,,,Education,,,,College Classroom,,75650.0,7028.11195,College/University,America/Phoenix,,Andy,UnivClass,weather0.csv
Office_Madisyn,2015-04-30 23:00:00,2014-05-01 00:00:00,,,Education,,,,Office,,59476.0,5525.498828,College/University,America/Chicago,,Madisyn,Office,weather3.csv
UnivClass_Sheldon,2015-11-30 23:00:00,2014-12-01 00:00:00,,,Education,,,,College Classroom,C,45305.2551,4209.0,College/University,Europe/London,1965,Sheldon,UnivClass,weather6.csv
Office_Miguel,2015-04-30 23:00:00,2014-05-01 00:00:00,,,Education,,,,Office,,53077.0,4931.012531,College/University,America/Chicago,,Miguel,Office,weather3.csv
Office_Chris,2015-12-31 23:00:00,2015-01-01 00:00:00,,,Education,,,,Office,,31316.0,2909.350348,College/University,America/New_York,1913.0,Chris,Office,weather2.csv
UnivLab_Chester,2015-12-31 23:00:00,2015-01-01 00:00:00,,,Education,,,,College Laboratory,,116854.0,10856.087162,College/University,America/New_York,1978.0,Chester,UnivLab,weather2.csv
UnivLab_Nikolas,2015-10-31 23:00:00,2014-11-01 00:00:00,,,Education,,,511.0,College Laboratory,,27145.0,2521.851935,College/University,America/Chicago,,Nikolas,UnivLab,weather9.csv
Office_Mickey,2015-04-30 23:00:00,2014-05-01 00:00:00,91.0,,Education,,,,Office,,52748.0,4900.447444,College/University,America/Chicago,,Mickey,Office,weather3.csv
UnivDorm_Maxine,2015-04-30 23:00:00,2014-05-01 00:00:00,85.0,,Education,,,,Dormitory,,117054.0,10874.66776,College/University,America/Chicago,,Maxine,UnivDorm,weather3.csv
UnivDorm_Mariana,2015-04-30 23:00:00,2014-05-01 00:00:00,49.0,,Education,,,,Dormitory,,177550.0,16494.92765,College/University,America/Chicago,,Mariana,UnivDorm,weather3.csv
UnivDorm_Annmarie,2015-12-31 23:00:00,2015-01-01 00:00:00,,,Education,,,,Dormitory,,32841.0,3051.027423,College/University,America/Phoenix,1935.0,Annmarie,UnivDorm,weather0.csv
Office_Makenzie,2015-04-30 23:00:00,2014-05-01 00:00:00,94.0,,Education,,,,Office,,67839.0,6302.446617,College/University,America/Chicago,,Makenzie,Office,weather3.csv
UnivClass_Summer,2015-11-30 23:00:00,2014-12-01 00:00:00,,,Education,,,,College Classroom,D,61709.4387,5733.0,College/University,Europe/London,1966,Summer,UnivClass,weather6.csv
UnivClass_Arnold,2015-12-31 23:00:00,2015-01-01 00:00:00,,,Education,,,,College Classroom,,4314.0,400.783542,College/University,America/Phoenix,1907.0,Arnold,UnivClass,weather0.csv
UnivClass_Annabella,2015-12-31 23:00:00,2015-01-01 00:00:00,,,Education,,,,College Classroom,,95944.0,8913.485432,College/University,America/Phoenix,1961.0,Annabella,UnivClass,weather0.csv
Office_Annie,2015-12-31 23:00:00,2015-01-01 00:00:00,,,Education,,,,Office,,155682.0,14463.324846,College/University,America/Phoenix,,Annie,Office,weather0.csv
Office_Brandon,2012-12-31 23:00:00,2012-01-01 00:00:00,,,Education,,,,Office,,75488.0,7013.061664,College/University,America/Los_Angeles,1948.0,Brandon,Office,weather7.csv
UnivDorm_Paul,2015-12-31 23:00:00,2015-01-01 00:00:00,,,Education,,,,Dormitory,,82911.0,7702.680633,College/University,America/New_York,,Paul,UnivDorm,weather4.csv
UnivDorm_Clara,2015-12-31 23:00:00,2015-01-01 00:00:00,,,Education,,,,Dormitory,,19876.0,1846.540028,College/University,America/New_York,1932.0,Clara,UnivDorm,weather2.csv
UnivDorm_Peter,2015-12-31 23:00:00,2015-01-01 00:00:00,,,Education,,,,Dormitory,,278795.0,25900.891885,College/University,America/New_York,,Peter,UnivDorm,weather4.csv
UnivLab_Marjorie,2015-04-30 23:00:00,2014-05-01 00:00:00,,,Education,,,,College Laboratory,,142672.0,13254.65682,College/University,America/Chicago,,Marjorie,UnivLab,weather3.csv
UnivDorm_Lavana,2015-11-30 23:00:00,2014-12-01 00:00:00,,Gas,Education,Gas,8.0,,Dormitory,C,64723.3307,6013.0,College/University,Europe/London,1960,Lavana,UnivDorm,weather5.csv
UnivClass_Stuart,2015-11-30 23:00:00,2014-12-01 00:00:00,,,Education,,,,College Classroom,F,61246.591,5690.0,College/University,Europe/London,1960,Stuart,UnivClass,weather6.csv
UnivDorm_Autumn,2015-12-31 23:00:00,2015-01-01 00:00:00,,,Education,,,,Dormitory,,36406.0,3382.226618,College/University,America/Phoenix,1940.0,Autumn,UnivDorm,weather0.csv
UnivClass_Britney,2012-12-31 23:00:00,2012-01-01 00:00:00,,,Education,,,,College Classroom,,56602.0,5258.495606,College/University,America/Los_Angeles,1923.0,Britney,UnivClass,weather7.csv
Office_Madison,2015-04-30 23:00:00,2014-05-01 00:00:00,9.0,,Education,,,,Office,,98212.0,9124.189436,College/University,America/Chicago,,Madison,Office,weather3.csv
UnivDorm_Charlotte,2015-12-31 23:00:00,2015-01-01 00:00:00,,,Education,,,,Dormitory,,65999.0,6131.505097,College/University,America/New_York,1975.0,Charlotte,UnivDorm,weather2.csv
UnivLab_Tilly,2013-12-31 23:00:00,2013-01-01 00:00:00,,,Education,,,,College Laboratory,,73981.36109,6873.1,College/University,Europe/Zurich,,Tilly,UnivLab,weather8.csv
Office_Blaine,2012-12-31 23:00:00,2012-01-01 00:00:00,,,Education,,,,Office,,57343.0,5327.336729,College/University,America/Los_Angeles,1905.0,Blaine,Office,weather7.csv
UnivDorm_Parker,2015-12-31 23:00:00,2015-01-01 00:00:00,,,Education,,,,Dormitory,,47007.0,4367.091321,College/University,America/New_York,,Parker,UnivDorm,weather4.csv
UnivDorm_Monte,2015-04-30 23:00:00,2014-05-01 00:00:00,83.0,,Education,,,,Dormitory,,74584.0,6929.077352,College/University,America/Chicago,,Monte,UnivDorm,weather3.csv
UnivDorm_Cameron,2015-12-31 23:00:00,2015-01-01 00:00:00,,,Education,,,,Dormitory,,24103.0,2239.241009,College/University,America/New_York,1964.0,Cameron,UnivDorm,weather2.csv
UnivClass_Casey,2015-12-31 23:00:00,2015-01-01 00:00:00,,,Education,,,,College Classroom,,40461.0,3758.948283,College/University,America/New_York,2002.0,Casey,UnivClass,weather2.csv
Office_Billy,2012-12-31 23:00:00,2012-01-01 00:00:00,,,Education,,,,Office,,236242.0,21947.590526,College/University,America/Los_Angeles,1962.0,Billy,Office,weather7.csv
Office_Gemma,2015-11-30 23:00:00,2014-12-01 00:00:00,,District heating,Government,,7.0,1815.0,Office,E,820241.4717,76203.0,Other Government Buildings,Europe/London,1862-1875,Gemma,Office,weather34.csv
UnivDorm_Luigi,2015-11-30 23:00:00,2014-12-01 00:00:00,,Gas,Education,Gas,7.0,,Dormitory,E,102773.7172,9548.0,College/University,Europe/London,1956,Luigi,UnivDorm,weather5.csv
Office_Marcy,2015-04-30 23:00:00,2014-05-01 00:00:00,,,Education,,,,Office,,121714.0,11307.59574,College/University,America/Chicago,,Marcy,Office,weather3.csv
UnivClass_Aniyah,2015-12-31 23:00:00,2015-01-01 00:00:00,,,Education,,,,College Classroom,,95717.0,8892.396451,College/University,America/Phoenix,2969.0,Aniyah,UnivClass,weather0.csv
UnivDorm_Lukas,2015-11-30 23:00:00,2014-12-01 00:00:00,,Gas,Education,Gas,10.0,,Dormitory,D,66531.6659,6181.0,College/University,Europe/London,1967,Lukas,UnivDorm,weather5.csv
UnivDorm_Philip,2015-12-31 23:00:00,2015-01-01 00:00:00,,,Education,,,,Dormitory,,113000.0,10498.039,College/University,America/New_York,,Philip,UnivDorm,weather4.csv
Office_Cian,2015-12-31 23:00:00,2015-01-01 00:00:00,,,Education,,,,Office,,40611.0,3772.883733,College/University,America/New_York,1866.0,Cian,Office,weather2.csv
Office_Angelo,2015-12-31 23:00:00,2015-01-01 00:00:00,,,Education,,,,Office,,23549.0,2187.772747,College/University,America/Phoenix,1941.0,Angelo,Office,weather0.csv
Office_Adam,2015-12-31 23:00:00,2015-01-01 00:00:00,,,Education,,,,Office,,163959.0,15232.282977,College/University,America/Phoenix,2004.0,Adam,Office,weather0.csv
Office_Alayna,2015-12-31 23:00:00,2015-01-01 00:00:00,,,Education,,,,Office,,9703.0,901.437809,College/University,America/Phoenix,1940.0,Alayna,Office,weather0.csv
Office_Maximilian,2015-04-30 23:00:00,2014-05-01 00:00:00,,,Education,,,,Office,,96612.0,8975.544636,College/University,America/Chicago,,Maximilian,Office,weather3.csv
UnivDorm_Lewis,2015-11-30 23:00:00,2014-12-01 00:00:00,,Gas,Education,Gas,7.0,,Dormitory,G,102956.7035,9565.0,College/University,Europe/London,1968,Lewis,UnivDorm,weather5.csv
UnivClass_Conrad,2015-12-31 23:00:00,2015-01-01 00:00:00,,,Education,,,,College Classroom,,50567.0,4697.826001,College/University,America/New_York,1880.0,Conrad,UnivClass,weather2.csv
UnivClass_Ava,2015-12-31 23:00:00,2015-01-01 00:00:00,,,Education,,,,College Classroom,,282946.0,26286.532238,College/University,America/Phoenix,2003.0,Ava,UnivClass,weather0.csv
UnivLab_Trina,2013-12-31 23:00:00,2013-01-01 00:00:00,,,Education,,,,College Laboratory,,648094.419,60210.0,College/University,Europe/Zurich,,Trina,UnivLab,weather8.csv
UnivClass_Precious,2015-12-31 23:00:00,2015-01-01 00:00:00,,,Education,,,,College Classroom,,30531.0,2836.421493,College/University,America/New_York,,Precious,UnivClass,weather4.csv
UnivDorm_Amya,2015-12-31 23:00:00,2015-01-01 00:00:00,,,Education,,,,Dormitory,,30949.0,2875.254947,College/University,America/Phoenix,1951.0,Amya,UnivDorm,weather0.csv
UnivDorm_Macy,2015-04-30 23:00:00,2014-05-01 00:00:00,45.0,,Education,,,,Dormitory,,174924.0,16250.96437,College/University,America/Chicago,,Macy,UnivDorm,weather3.csv
Office_Tracy,2013-12-31 23:00:00,2013-01-01 00:00:00,,,Education,,,,Office,,99501.4916,9244.0,College/University,Europe/Zurich,,Tracy,Office,weather8.csv
Office_Lane,2015-11-30 23:00:00,2014-12-01 00:00:00,,Gas,Education,Gas,8.0,,Office,D,31613.5743,2937.0,College/University,Europe/London,1956,Lane,Office,weather5.csv
Office_Mary,2015-04-30 23:00:00,2014-05-01 00:00:00,,,Education,,,,Office,,71936.0,6683.070208,College/University,America/Chicago,,Mary,Office,weather3.csv
UnivClass_Adan,2015-12-31 23:00:00,2015-01-01 00:00:00,,,Education,,,,College Classroom,,62238.0,5782.096914,College/University,America/Phoenix,1970.0,Adan,UnivClass,weather0.csv
UnivDorm_Christina,2015-12-31 23:00:00,2015-01-01 00:00:00,,,Education,,,,Dormitory,,136522.0,12683.303366,College/University,America/New_York,2005.0,Christina,UnivDorm,weather2.csv
UnivClass_Paris,2015-12-31 23:00:00,2015-01-01 00:00:00,,,Education,,,,College Classroom,,58307.0,5416.895221,College/University,America/New_York,,Paris,UnivClass,weather4.csv
Office_Grayson,2015-11-30 23:00:00,2014-12-01 00:00:00,,Gas,Government,Gas,11.0,410.0,Office,G,242930.4591,22569.0,Other Government Buildings,Europe/London,,Grayson,Office,weather5.csv
UnivDorm_Ayanna,2015-12-31 23:00:00,2015-01-01 00:00:00,,,Education,,,,Dormitory,,111304.0,10340.475512,College/University,America/Phoenix,1964.0,Ayanna,UnivDorm,weather0.csv
UnivClass_Ashlyn,2015-12-31 23:00:00,2015-01-01 00:00:00,,,Education,,,,College Classroom,,24586.0,2284.113158,College/University,America/Phoenix,,Ashlyn,UnivClass,weather0.csv
UnivDorm_Paola,2015-12-31 23:00:00,2015-01-01 00:00:00,,,Education,,,,Dormitory,,128044.0,11895.671732,College/University,America/New_York,,Paola,UnivDorm,weather4.csv
Office_Pamela,2015-12-31 23:00:00,2015-01-01 00:00:00,,,Education,,,,Office,,37485.0,3482.468955,College/University,America/New_York,,Pamela,Office,weather4.csv
Office_Gerardo,2015-11-30 23:00:00,2014-12-01 00:00:00,,Gas,Government,Gas,5.0,46.0,Office,E,11388.2062,1058.0,Other Government Buildings,Europe/London,1754-1756,Gerardo,Office,weather5.csv
UnivLab_Theresa,2013-12-31 23:00:00,2013-01-01 00:00:00,,,Education,,,,College Laboratory,,86436.26978,8030.2,College/University,Europe/Zurich,,Theresa,UnivLab,weather8.csv
UnivLab_Tonya,2013-12-31 23:00:00,2013-01-01 00:00:00,,,Education,,,,College Laboratory,,64246.48993,5968.7,College/University,Europe/Zurich,,Tonya,UnivLab,weather8.csv
UnivClass_Peggy,2015-12-31 23:00:00,2015-01-01 00:00:00,,,Education,,,,College Classroom,,13512.0,1255.305336,College/University,America/New_York,,Peggy,UnivClass,weather4.csv
UnivDorm_Marion,2015-04-30 23:00:00,2014-05-01 00:00:00,56.0,,Education,,,,Dormitory,,233341.0,21678.07892,College/University,America/Chicago,,Marion,UnivDorm,weather3.csv
PrimClass_Jaqueline,2015-11-30 23:00:00,2014-12-01 00:00:00,,Gas,Education,Gas,1.0,71.0,Primary/Secondary Classroom,C,11269.8033,1047.0,Primary/Secondary School,Europe/London,1967-1976,Jaqueline,PrimClass,weather1.csv
UnivClass_Skye,2015-11-30 23:00:00,2014-12-01 00:00:00,,,Education,,,,College Classroom,B,65024.7199,6041.0,College/University,Europe/London,1975,Skye,UnivClass,weather6.csv
Office_Avery,2015-12-31 23:00:00,2015-01-01 00:00:00,,,Education,,,,Office,,23392.0,2173.186976,College/University,America/Phoenix,,Avery,Office,weather0.csv
Office_Santiago,2015-11-30 23:00:00,2014-12-01 00:00:00,,,Education,,,,Office,C,64152.844,5960.0,College/University,Europe/London,1968,Santiago,Office,weather6.csv
Office_Courtney,2015-12-31 23:00:00,2015-01-01 00:00:00,,,Education,,,,Office,,84615.0,7860.987345,College/University,America/New_York,1963.0,Courtney,Office,weather2.csv
PrimClass_Jaylen,2015-11-30 23:00:00,2014-12-01 00:00:00,,Electricity,Education,Electricity,1.0,192.0,Primary/Secondary Classroom,F,8729.5229,811.0,Primary/Secondary School,Europe/London,1967-1976,Jaylen,PrimClass,weather1.csv
Office_Cayden,2015-12-31 23:00:00,2015-01-01 00:00:00,,,Education,,,,Office,,187041.0,17376.670023,College/University,America/New_York,1973.0,Cayden,Office,weather2.csv
UnivDorm_Alexia,2015-12-31 23:00:00,2015-01-01 00:00:00,,,Education,,,,Dormitory,,86323.0,8019.665669,College/University,America/Phoenix,1956.0,Alexia,UnivDorm,weather0.csv
UnivLab_Tammy,2013-12-31 23:00:00,2013-01-01 00:00:00,,,Education,,,,College Laboratory,,64940.76148,6033.2,College/University,Europe/Zurich,,Tammy,UnivLab,weather8.csv
UnivClass_Cillian,2015-12-31 23:00:00,2015-01-01 00:00:00,,,Education,,,,College Classroom,,180625.0,16780.604375,College/University,America/New_York,1933.0,Cillian,UnivClass,weather2.csv
Office_Priscilla,2015-12-31 23:00:00,2015-01-01 00:00:00,,,Education,,,,Office,,104667.0,9723.878301,College/University,America/New_York,,Priscilla,Office,weather4.csv
UnivClass_Craig,2015-12-31 23:00:00,2015-01-01 00:00:00,,,Education,,,,College Classroom,,4298.0,399.297094,College/University,America/New_York,,Craig,UnivClass,weather2.csv
UnivLab_Lowell,2015-11-30 23:00:00,2014-12-01 00:00:00,,Gas,Education,Gas,6.0,,College Laboratory,D,38319.484,3560.0,College/University,Europe/London,1900,Lowell,UnivLab,weather5.csv
UnivDorm_Meagan,2015-04-30 23:00:00,2014-05-01 00:00:00,58.0,,Education,,,,Dormitory,,153299.0,14241.937,College/University,America/Chicago,,Meagan,UnivDorm,weather3.csv
UnivClass_Marcia,2015-04-30 23:00:00,2014-05-01 00:00:00,,,Education,,,,College Classroom,,14185.0,1317.829055,College/University,America/Chicago,,Marcia,UnivClass,weather3.csv
UnivClass_Alyshialynn,2015-12-31 23:00:00,2015-01-01 00:00:00,,,Education,,,,College Classroom,,137065.0,12733.749695,College/University,America/Phoenix,1964.0,Alyshialynn,UnivClass,weather0.csv
Office_Amari,2015-12-31 23:00:00,2015-01-01 00:00:00,,,Education,,,,Office,,121440.0,11282.14032,College/University,America/Phoenix,1983.0,Amari,Office,weather0.csv
UnivDorm_Phebian,2015-12-31 23:00:00,2015-01-01 00:00:00,,,Education,,,,Dormitory,,35936.0,3338.562208,College/University,America/New_York,,Phebian,UnivDorm,weather4.csv
UnivClass_Sinead,2015-11-30 23:00:00,2014-12-01 00:00:00,,,Education,,,,College Classroom,B,32367.0473,3007.0,College/University,Europe/London,1938,Sinead,UnivClass,weather6.csv
UnivClass_Stella,2015-11-30 23:00:00,2014-12-01 00:00:00,,,Education,,,,College Classroom,D,31118.4349,2891.0,College/University,Europe/London,1994,Stella,UnivClass,weather6.csv
Office_Marsha,2015-04-30 23:00:00,2014-05-01 00:00:00,56.0,,Education,,,,Office,,70852.0,6582.363356,College/University,America/Chicago,,Marsha,Office,weather3.csv
Office_Louis,2015-11-30 23:00:00,2014-12-01 00:00:00,,Heat network,Education,Heat Network,12.0,,Office,F,174601.2219,16221.0,College/University,Europe/London,1960,Louis,Office,weather5.csv
Office_Ahmad,2015-12-31 23:00:00,2015-01-01 00:00:00,,,Education,,,,Office,,118966.0,11052.298298,College/University,America/Phoenix,1988.0,Ahmad,Office,weather0.csv
UnivLab_Palmer,2015-12-31 23:00:00,2015-01-01 00:00:00,,,Education,,,,College Laboratory,,39558.0,3675.056874,College/University,America/New_York,,Palmer,UnivLab,weather4.csv
Office_Christy,2015-12-31 23:00:00,2015-01-01 00:00:00,,,Education,,,,Office,,14744.0,1369.761832,College/University,America/New_York,1910.0,Christy,Office,weather2.csv
UnivClass_Nicole,2015-10-31 23:00:00,2014-11-01 00:00:00,,,Education,,,1370.0,College Classroom,,57964.0,5385.029492,College/University,America/Chicago,,Nicole,UnivClass,weather9.csv
Office_Angelica,2015-12-31 23:00:00,2015-01-01 00:00:00,,,Education,,,,Office,,33713.0,3132.038839,College/University,America/Phoenix,1956.0,Angelica,Office,weather0.csv
UnivDorm_Makayla,2015-04-30 23:00:00,2014-05-01 00:00:00,49.0,,Education,,,,Dormitory,,157070.0,14592.27421,College/University,America/Chicago,,Makayla,UnivDorm,weather3.csv
UnivClass_Ashlynn,2015-12-31 23:00:00,2015-01-01 00:00:00,,,Education,,,,College Classroom,,71224.0,6616.923272,College/University,America/Phoenix,,Ashlynn,UnivClass,weather0.csv
UnivClass_Nathanael,2015-10-31 23:00:00,2014-11-01 00:00:00,,,Education,,,2417.0,College Classroom,,100310.0,9319.09993,College/University,America/Chicago,,Nathanael,UnivClass,weather9.csv
UnivClass_Arturo,2015-12-31 23:00:00,2015-01-01 00:00:00,,,Education,,,,College Classroom,,30596.0,2842.460188,College/University,America/Phoenix,1999.0,Arturo,UnivClass,weather0.csv
UnivClass_Nishka,2015-10-31 23:00:00,2014-11-01 00:00:00,,,Education,,,3537.0,College Classroom,,166151.0,15435.926353,College/University,America/Chicago,,Nishka,UnivClass,weather9.csv
UnivDorm_Allan,2015-12-31 23:00:00,2015-01-01 00:00:00,,,Education,,,,Dormitory,,212128.0,19707.327584,College/University,America/Phoenix,,Allan,UnivDorm,weather0.csv
Office_Peyton,2015-12-31 23:00:00,2015-01-01 00:00:00,,,Education,,,,Office,,32766.0,3044.059698,College/University,America/New_York,,Peyton,Office,weather4.csv
UnivClass_Chuck,2015-12-31 23:00:00,2015-01-01 00:00:00,,,Education,,,,College Classroom,,91253.0,8477.677459,College/University,America/New_York,1888.0,Chuck,UnivClass,weather2.csv
UnivLab_Ayden,2015-12-31 23:00:00,2015-01-01 00:00:00,,,Education,,,,College Laboratory,,49384.0,4587.921752,College/University,America/Phoenix,1967.0,Ayden,UnivLab,weather0.csv
UnivClass_Aidan,2015-12-31 23:00:00,2015-01-01 00:00:00,,,Education,,,,College Classroom,,88486.0,8220.614858,College/University,America/Phoenix,,Aidan,UnivClass,weather0.csv
UnivClass_Angel,2015-12-31 23:00:00,2015-01-01 00:00:00,,,Education,,,,College Classroom,,111635.0,10371.226405,College/University,America/Phoenix,1989.0,Angel,UnivClass,weather0.csv
UnivClass_Abby,2015-12-31 23:00:00,2015-01-01 00:00:00,,,Education,,,,College Classroom,,34171.0,3174.588413,College/University,America/Phoenix,,Abby,UnivClass,weather0.csv
UnivDorm_Caitlin,2015-12-31 23:00:00,2015-01-01 00:00:00,,,Education,,,,Dormitory,,78438.0,7287.125514,College/University,America/New_York,2004.0,Caitlin,UnivDorm,weather2.csv
Office_Maurice,2015-04-30 23:00:00,2014-05-01 00:00:00,29.0,,Education,,,,Office,,99946.0,9285.283238,College/University,America/Chicago,,Maurice,Office,weather3.csv
UnivLab_Cecil,2015-12-31 23:00:00,2015-01-01 00:00:00,,,Education,,,,College Laboratory,,105612.0,9811.671636,College/University,America/New_York,1967.0,Cecil,UnivLab,weather2.csv
Office_Alvin,2015-12-31 23:00:00,2015-01-01 00:00:00,,,Education,,,,Office,,51732.0,4806.057996,College/University,America/Phoenix,1966.0,Alvin,Office,weather0.csv
Office_Al,2015-12-31 23:00:00,2015-01-01 00:00:00,,,Education,,,,Office,,148101.0,13759.027203,College/University,America/Phoenix,,Al,Office,weather0.csv
Office_Max,2015-04-30 23:00:00,2014-05-01 00:00:00,69.0,,Education,,,,Office,,10385.0,964.797655,College/University,America/Chicago,,Max,Office,weather3.csv
Office_Gwen,2015-11-30 23:00:00,2014-12-01 00:00:00,,Gas,Government,Gas,10.0,283.0,Office,E,60600.757,5630.0,Other Government Buildings,Europe/London,1906,Gwen,Office,weather5.csv
UnivClass_Savanna,2015-11-30 23:00:00,2014-12-01 00:00:00,,,Education,,,,College Classroom,D,49513.94,4600.0,College/University,Europe/London,2000,Savanna,UnivClass,weather6.csv
UnivLab_Skylar,2015-11-30 23:00:00,2014-12-01 00:00:00,,,Education,,,,College Laboratory,D,16307.3085,1515.0,College/University,Europe/London,2007,Skylar,UnivLab,weather6.csv
UnivClass_Petar,2015-12-31 23:00:00,2015-01-01 00:00:00,,,Education,,,,College Classroom,,77263.0,7177.964489,College/University,America/New_York,,Petar,UnivClass,weather4.csv
UnivClass_Amber,2015-12-31 23:00:00,2015-01-01 00:00:00,,,Education,,,,College Classroom,,244964.0,22757.890492,College/University,America/Phoenix,2008.0,Amber,UnivClass,weather0.csv
UnivClass_Cathalina,2015-12-31 23:00:00,2015-01-01 00:00:00,,,Education,,,,College Classroom,,140488.0,13051.756664,College/University,America/New_York,1961.0,Cathalina,UnivClass,weather2.csv
Office_Betsy,2012-12-31 23:00:00,2012-01-01 00:00:00,,,Education,,,,Office,,77055.0,7158.640665,College/University,America/Los_Angeles,1917.0,Betsy,Office,weather7.csv
UnivLab_Briana,2012-12-31 23:00:00,2012-01-01 00:00:00,,,Education,,,,College Laboratory,,172244.0,16001.984332,College/University,America/Los_Angeles,1963.0,Briana,UnivLab,weather7.csv
UnivClass_Agnes,2015-12-31 23:00:00,2015-01-01 00:00:00,,,Education,,,,College Classroom,,7481.0,695.007343,College/University,America/Phoenix,1969.0,Agnes,UnivClass,weather0.csv
Office_Malcolm,2015-04-30 23:00:00,2014-05-01 00:00:00,91.0,,Education,,,,Office,,92099.0,8556.273397,College/University,America/Chicago,,Malcolm,Office,weather3.csv
Office_Gail,2015-11-30 23:00:00,2014-12-01 00:00:00,,Gas,Government,Gas,9.0,1580.0,Office,E,1315596.1497,122223.0,Other Government Buildings,Europe/London,11th Century onwards,Gail,Office,weather5.csv
Office_Phil,2015-12-31 23:00:00,2015-01-01 00:00:00,,,Education,,,,Office,,64818.0,6021.786654,College/University,America/New_York,,Phil,Office,weather4.csv
Office_Mitchell,2015-04-30 23:00:00,2014-05-01 00:00:00,75.0,,Education,,,,Office,,157545.0,14636.40314,College/University,America/Chicago,,Mitchell,Office,weather3.csv
UnivClass_Bernard,2012-12-31 23:00:00,2012-01-01 00:00:00,,,Education,,,,College Classroom,,128540.0,11941.75162,College/University,America/Los_Angeles,1968.0,Bernard,UnivClass,weather7.csv
Office_Angelina,2015-12-31 23:00:00,2015-01-01 00:00:00,,,Education,,,,Office,,6203.0,576.277309,College/University,America/Phoenix,1999.0,Angelina,Office,weather0.csv
Office_Janette,2015-11-30 23:00:00,2014-12-01 00:00:00,,Gas,Government,Gas,4.0,340.0,Office,E,36220.5235,3365.0,"City, County, State",Europe/London,Post 1976,Janette,Office,weather1.csv
UnivClass_Alaina,2015-12-31 23:00:00,2015-01-01 00:00:00,,,Education,,,,College Classroom,,84300.0,7831.7229,College/University,America/Phoenix,,Alaina,UnivClass,weather0.csv
Office_Madelyn,2015-04-30 23:00:00,2014-05-01 00:00:00,,,Education,,,,Office,,57394.0,5332.074782,College/University,America/Chicago,,Madelyn,Office,weather3.csv
Office_Archie,2015-12-31 23:00:00,2015-01-01 00:00:00,,,Education,,,,Office,,140345.0,13038.471535,College/University,America/Phoenix,,Archie,Office,weather0.csv
Office_Jayda,2015-11-30 23:00:00,2014-12-01 00:00:00,,Gas,Government,Gas,1.0,,Office,D,11442.0257,1063.0,"City, County, State",Europe/London,Post 1976,Jayda,Office,weather1.csv
Office_Michael,2015-04-30 23:00:00,2014-05-01 00:00:00,,,Education,,,,Office,,35829.0,3328.621587,College/University,America/Chicago,,Michael,Office,weather3.csv
Office_Cornelius,2015-12-31 23:00:00,2015-01-01 00:00:00,,,Education,,,,Office,,115288.0,10710.601064,College/University,America/New_York,1957.0,Cornelius,Office,weather2.csv
UnivDorm_Carrie,2015-12-31 23:00:00,2015-01-01 00:00:00,,,Education,,,,Dormitory,,65663.0,6100.289689,College/University,America/New_York,1975.0,Carrie,UnivDorm,weather2.csv
Office_Gianna,2015-11-30 23:00:00,2014-12-01 00:00:00,,Gas,Government,Gas,10.0,525.0,Office,E,117380.3295,10905.0,Other Government Buildings,Europe/London,1888-1890,Gianna,Office,weather5.csv
UnivClass_Alondra,2015-12-31 23:00:00,2015-01-01 00:00:00,,,Education,,,,College Classroom,,98829.0,9181.510587,College/University,America/Phoenix,1968.0,Alondra,UnivClass,weather0.csv
UnivDorm_Lori,2015-11-30 23:00:00,2014-12-01 00:00:00,,Electric,Education,Electric,8.0,,Dormitory,E,49589.2873,4607.0,College/University,Europe/London,1998,Lori,UnivDorm,weather5.csv
UnivClass_Amy,2015-12-31 23:00:00,2015-01-01 00:00:00,,,Education,,,,College Classroom,,41179.0,3825.652637,College/University,America/Phoenix,,Amy,UnivClass,weather0.csv
UnivDorm_Clyde,2015-12-31 23:00:00,2015-01-01 00:00:00,,,Education,,,,Dormitory,,83141.0,7724.048323,College/University,America/New_York,2006.0,Clyde,UnivDorm,weather2.csv
Office_Saul,2015-11-30 23:00:00,2014-12-01 00:00:00,,,Education,,,,Office,D,11517.373,1070.0,College/University,Europe/London,1989,Saul,Office,weather6.csv
Office_Maximus,2015-04-30 23:00:00,2014-05-01 00:00:00,,,Education,,,,Office,,58703.0,5453.684809,College/University,America/Chicago,,Maximus,Office,weather3.csv
UnivClass_Allison,2015-12-31 23:00:00,2015-01-01 00:00:00,,,Education,,,,College Classroom,,90903.0,8445.161409,College/University,America/Phoenix,,Allison,UnivClass,weather0.csv
UnivClass_Carey,2015-12-31 23:00:00,2015-01-01 00:00:00,,,Education,,,,College Classroom,,99774.0,9269.303922,College/University,America/New_York,1955.0,Carey,UnivClass,weather2.csv
UnivClass_Noelle,2015-10-31 23:00:00,2014-11-01 00:00:00,,,Education,,,4144.0,College Classroom,,164166.0,15251.513898,College/University,America/Chicago,,Noelle,UnivClass,weather9.csv
UnivDorm_Ashton,2015-12-31 23:00:00,2015-01-01 00:00:00,,,Education,,,,Dormitory,,106440.0,9888.59532,College/University,America/Phoenix,1963.0,Ashton,UnivDorm,weather0.csv
Office_Sarah,2015-11-30 23:00:00,2014-12-01 00:00:00,,,Education,,,,Office,D,11108.3448,1032.0,College/University,Europe/London,1965,Sarah,Office,weather6.csv
Office_Marco,2015-04-30 23:00:00,2014-05-01 00:00:00,,,Education,,,,Office,,25463.0,2365.589089,College/University,America/Chicago,,Marco,Office,weather3.csv
Office_Nesbit,2015-10-31 23:00:00,2014-11-01 00:00:00,,,Education,,,2740.0,Office,,112178.0,10421.672734,College/University,America/Chicago,,Nesbit,Office,weather9.csv
UnivClass_Cristina,2015-12-31 23:00:00,2015-01-01 00:00:00,,,Education,,,,College Classroom,,9111.0,846.439233,College/University,America/New_York,1958.0,Cristina,UnivClass,weather2.csv
Office_Julio,2015-11-30 23:00:00,2014-12-01 00:00:00,,Gas,Government,Gas,5.0,1122.0,Office,F,270033.9593,25087.0,"City, County, State",Europe/London,Post 1976,Julio,Office,weather1.csv
UnivLab_Alexander,2015-12-31 23:00:00,2015-01-01 00:00:00,,,Education,,,,College Laboratory,,71421.0,6635.225163,College/University,America/Phoenix,,Alexander,UnivLab,weather0.csv
UnivDorm_Annette,2015-12-31 23:00:00,2015-01-01 00:00:00,,,Education,,,,Dormitory,,60086.0,5582.169658,College/University,America/Phoenix,2001.0,Annette,UnivDorm,weather0.csv
Office_Alfredo,2015-12-31 23:00:00,2015-01-01 00:00:00,,,Education,,,,Office,,83660.0,7772.26498,College/University,America/Phoenix,1973.0,Alfredo,Office,weather0.csv
Office_Marci,2015-04-30 23:00:00,2014-05-01 00:00:00,,,Education,,,,Office,,20444.0,1899.308932,College/University,America/Chicago,,Marci,Office,weather3.csv
UnivLab_Alexis,2015-12-31 23:00:00,2015-01-01 00:00:00,,,Education,,,,College Laboratory,,88934.0,8262.235402,College/University,America/Phoenix,2009.0,Alexis,UnivLab,weather0.csv
UnivLab_Cedric,2015-12-31 23:00:00,2015-01-01 00:00:00,,,Education,,,,College Laboratory,,28084.0,2609.087852,College/University,America/New_York,1913.0,Cedric,UnivLab,weather2.csv
Office_Millie,2015-04-30 23:00:00,2014-05-01 00:00:00,,,Education,,,,Office,,87131.0,8094.731293,College/University,America/Chicago,,Millie,Office,weather3.csv
UnivLab_Cindy,2015-12-31 23:00:00,2015-01-01 00:00:00,,,Education,,,,College Laboratory,,171008.0,15887.156224,College/University,America/New_York,1930.0,Cindy,UnivLab,weather2.csv
UnivDorm_Chase,2015-12-31 23:00:00,2015-01-01 00:00:00,,,Education,,,,Dormitory,,169290.0,15727.54887,College/University,America/New_York,2006.0,Chase,UnivDorm,weather2.csv
UnivClass_Alphonso,2015-12-31 23:00:00,2015-01-01 00:00:00,,,Education,,,,College Classroom,,72102.0,6698.492106,College/University,America/Phoenix,1970.0,Alphonso,UnivClass,weather0.csv
UnivClass_Nayeli,2015-10-31 23:00:00,2014-11-01 00:00:00,,,Education,,,1344.0,College Classroom,,54461.0,5059.590283,College/University,America/Chicago,,Nayeli,UnivClass,weather9.csv
UnivClass_Noah,2015-10-31 23:00:00,2014-11-01 00:00:00,,,Education,,,2130.0,College Classroom,,80078.0,7439.486434,College/University,America/Chicago,,Noah,UnivClass,weather9.csv
UnivClass_Carter,2015-12-31 23:00:00,2015-01-01 00:00:00,,,Education,,,,College Classroom,,108971.0,10123.732813,College/University,America/New_York,1990.0,Carter,UnivClass,weather2.csv
Office_Jeff,2015-11-30 23:00:00,2014-12-01 00:00:00,,Gas,Government,Gas,3.0,556.0,Office,F,57436.1704,5336.0,"City, County, State",Europe/London,Post 1976,Jeff,Office,weather1.csv
UnivLab_Marina,2015-04-30 23:00:00,2014-05-01 00:00:00,,,Education,,,,College Laboratory,,184098.0,17103.25649,College/University,America/Chicago,,Marina,UnivLab,weather3.csv
UnivLab_Adrianna,2015-12-31 23:00:00,2015-01-01 00:00:00,,,Education,,,,College Laboratory,,137040.0,12731.42712,College/University,America/Phoenix,1957.0,Adrianna,UnivLab,weather0.csv
UnivLab_Colby,2015-12-31 23:00:00,2015-01-01 00:00:00,,,Education,,,,College Laboratory,,233863.0,21726.574289,College/University,America/New_York,1921.0,Colby,UnivLab,weather2.csv
Office_Paulette,2015-12-31 23:00:00,2015-01-01 00:00:00,,,Education,,,,Office,,59665.0,5543.057495,College/University,America/New_York,,Paulette,Office,weather4.csv
Office_Mona,2015-04-30 23:00:00,2014-05-01 00:00:00,,,Education,,,,Office,,25977.0,2413.341231,College/University,America/Chicago,,Mona,Office,weather3.csv
UnivClass_Carolina,2015-12-31 23:00:00,2015-01-01 00:00:00,,,Education,,,,College Classroom,,47398.0,4403.416394,College/University,America/New_York,1912.0,Carolina,UnivClass,weather2.csv
PrimClass_Ashanti,2015-12-31 23:00:00,2015-01-01 00:00:00,,,Education,,,,Primary/Secondary Classroom,,10334.0,960.059602,College/University,America/Phoenix,,Ashanti,PrimClass,weather0.csv
Office_Milton,2015-04-30 23:00:00,2014-05-01 00:00:00,,,Education,,,,Office,,92500.0,8593.5275,College/University,America/Chicago,,Milton,Office,weather3.csv
UnivLab_Aniya,2015-12-31 23:00:00,2015-01-01 00:00:00,,,Education,,,,College Laboratory,,65907.0,6122.958021,College/University,America/Phoenix,1964.0,Aniya,UnivLab,weather0.csv
Office_Griffin,2015-11-30 23:00:00,2014-12-01 00:00:00,,Gas,Government,Gas,10.0,721.0,Office,E,194805.0622,18098.0,Other Government Buildings,Europe/London,2000,Griffin,Office,weather5.csv
Office_Sophia,2015-11-30 23:00:00,2014-12-01 00:00:00,,,Education,,,,Office,C,42495.8772,3948.0,College/University,Europe/London,1997,Sophia,Office,weather6.csv
UnivLab_Betty,2012-12-31 23:00:00,2012-01-01 00:00:00,,,Education,,,,College Laboratory,,124950.0,11608.22985,College/University,America/Los_Angeles,1961.0,Betty,UnivLab,weather7.csv
Office_Lance,2015-11-30 23:00:00,2014-12-01 00:00:00,,Gas,Education,Gas,8.0,,Office,F,20909.95214,1942.6,College/University,Europe/London,1987,Lance,Office,weather5.csv
UnivClass_Neal,2015-10-31 23:00:00,2014-11-01 00:00:00,,,Education,,,3741.0,College Classroom,,149679.0,13905.628137,College/University,America/Chicago,,Neal,UnivClass,weather9.csv
UnivLab_Moses,2015-04-30 23:00:00,2014-05-01 00:00:00,,,Education,,,,College Laboratory,,63915.0,5937.895245,College/University,America/Chicago,,Moses,UnivLab,weather3.csv
UnivLab_Maeve,2015-04-30 23:00:00,2014-05-01 00:00:00,,,Education,,,,College Laboratory,,192152.0,17851.49726,College/University,America/Chicago,,Maeve,UnivLab,weather3.csv
Office_Guy,2015-11-30 23:00:00,2014-12-01 00:00:00,,Gas,Government,Gas,9.0,393.0,Office,F,109824.0717,10203.0,Other Government Buildings,Europe/London,1903-1906,Guy,Office,weather5.csv
Office_Preston,2015-12-31 23:00:00,2015-01-01 00:00:00,,,Education,,,,Office,,104355.0,9694.892565,College/University,America/New_York,,Preston,Office,weather4.csv
UnivLab_Clarence,2015-12-31 23:00:00,2015-01-01 00:00:00,,,Education,,,,College Laboratory,,74599.0,6930.470897,College/University,America/New_York,1984.0,Clarence,UnivLab,weather2.csv
Office_Gabriela,2015-11-30 23:00:00,2014-12-01 00:00:00,,Gas,Government,Gas,7.0,264.0,Office,E,36704.899,3410.0,Other Government Buildings,Europe/London,1898-1902,Gabriela,Office,weather5.csv
UnivDorm_Patrick,2015-12-31 23:00:00,2015-01-01 00:00:00,,,Education,,,,Dormitory,,105791.0,9828.301273,College/University,America/New_York,,Patrick,UnivDorm,weather4.csv
UnivLab_Alex,2015-12-31 23:00:00,2015-01-01 00:00:00,,,Education,,,,College Laboratory,,91273.0,8479.535519,College/University,America/Phoenix,1951.0,Alex,UnivLab,weather0.csv
UnivLab_Alanna,2015-12-31 23:00:00,2015-01-01 00:00:00,,,Education,,,,College Laboratory,,131710.0,12236.25413,College/University,America/Phoenix,1991.0,Alanna,UnivLab,weather0.csv
UnivLab_Arlene,2015-12-31 23:00:00,2015-01-01 00:00:00,,,Education,,,,College Laboratory,,89770.0,8339.90231,College/University,America/Phoenix,,Arlene,UnivLab,weather0.csv
UnivDorm_Cassidy,2015-12-31 23:00:00,2015-01-01 00:00:00,,,Education,,,,Dormitory,,21168.0,1966.570704,College/University,America/New_York,1928.0,Cassidy,UnivDorm,weather2.csv
Office_Chance,2015-12-31 23:00:00,2015-01-01 00:00:00,,,Education,,,,Office,,31053.0,2884.916859,College/University,America/New_York,1915.0,Chance,Office,weather2.csv
UnivDorm_Colm,2015-12-31 23:00:00,2015-01-01 00:00:00,,,Education,,,,Dormitory,,142901.0,13275.931603,College/University,America/New_York,2007.0,Colm,UnivDorm,weather2.csv
Office_Nicholas,2015-10-31 23:00:00,2014-11-01 00:00:00,,,Education,,,3188.0,Office,,136624.0,12692.779472,College/University,America/Chicago,,Nicholas,Office,weather9.csv
UnivClass_Anahi,2015-12-31 23:00:00,2015-01-01 00:00:00,,,Education,,,,College Classroom,,126985.0,11797.287455,College/University,America/Phoenix,1979.0,Anahi,UnivClass,weather0.csv
UnivLab_Colette,2015-12-31 23:00:00,2015-01-01 00:00:00,,,Education,,,,College Laboratory,,28432.0,2641.418096,College/University,America/New_York,1933.0,Colette,UnivLab,weather2.csv
UnivLab_Ann,2015-12-31 23:00:00,2015-01-01 00:00:00,,,Education,,,,College Laboratory,,132518.0,12311.319754,College/University,America/Phoenix,1992.0,Ann,UnivLab,weather0.csv
Office_Alec,2015-12-31 23:00:00,2015-01-01 00:00:00,,,Education,,,,Office,,10135.0,941.571905,College/University,America/Phoenix,,Alec,Office,weather0.csv
Office_Alfred,2015-12-31 23:00:00,2015-01-01 00:00:00,,,Education,,,,Office,,202435.0,18806.818805,College/University,America/Phoenix,1967.0,Alfred,Office,weather0.csv
Office_Cory,2015-12-31 23:00:00,2015-01-01 00:00:00,,,Education,,,,Office,,157933.0,14672.449499,College/University,America/New_York,1932.0,Cory,Office,weather2.csv
UnivDorm_Celia,2015-12-31 23:00:00,2015-01-01 00:00:00,,,Education,,,,Dormitory,,40451.0,3758.019253,College/University,America/New_York,1975.0,Celia,UnivDorm,weather2.csv
UnivLab_Aurora,2015-12-31 23:00:00,2015-01-01 00:00:00,,,Education,,,,College Laboratory,,9788.0,909.334564,College/University,America/Phoenix,,Aurora,UnivLab,weather0.csv
UnivClass_Cole,2015-12-31 23:00:00,2015-01-01 00:00:00,,,Education,,,,College Classroom,,105434.0,9795.134902,College/University,America/New_York,2014.0,Cole,UnivClass,weather2.csv
Office_Gerard,2015-11-30 23:00:00,2014-12-01 00:00:00,,Electricity,Government,Electricity,7.0,97.0,Office,F,18503.1441,1719.0,Other Government Buildings,Europe/London,1937,Gerard,Office,weather5.csv
UnivLab_Abel,2015-12-31 23:00:00,2015-01-01 00:00:00,,,Education,,,,College Laboratory,,96124.0,8930.207972,College/University,America/Phoenix,1959.0,Abel,UnivLab,weather0.csv
Office_Tyrese,2013-12-31 23:00:00,2013-01-01 00:00:00,,,Education,,,,Office,,17765.81695,1650.5,College/University,Europe/Zurich,,Tyrese,Office,weather8.csv
UnivDorm_Lexi,2015-11-30 23:00:00,2014-12-01 00:00:00,,Electric,Education,Electric,7.0,,Dormitory,E,66660.8327,6193.0,College/University,Europe/London,1930,Lexi,UnivDorm,weather5.csv
UnivLab_Molly,2015-04-30 23:00:00,2014-05-01 00:00:00,,,Education,,,,College Laboratory,,39988.0,3715.005164,College/University,America/Chicago,,Molly,UnivLab,weather3.csv
UnivClass_Andre,2015-12-31 23:00:00,2015-01-01 00:00:00,,,Education,,,,College Classroom,,90900.0,8444.8827,College/University,America/Phoenix,,Andre,UnivClass,weather0.csv
UnivLab_Anthony,2015-12-31 23:00:00,2015-01-01 00:00:00,,,Education,,,,College Laboratory,,204349.0,18984.635147,College/University,America/Phoenix,1993.0,Anthony,UnivLab,weather0.csv
Office_Leon,2015-11-30 23:00:00,2014-12-01 00:00:00,,Gas,Education,Gas,8.0,,Office,D,30495.20509,2833.1,College/University,Europe/London,1997,Leon,Office,weather5.csv
UnivClass_Bryon,2012-12-31 23:00:00,2012-01-01 00:00:00,,,Education,,,,College Classroom,,56886.0,5284.880058,College/University,America/Los_Angeles,1953.0,Bryon,UnivClass,weather7.csv
UnivLab_Caitlyn,2015-12-31 23:00:00,2015-01-01 00:00:00,,,Education,,,,College Laboratory,,204029.0,18954.906187,College/University,America/New_York,2010.0,Caitlyn,UnivLab,weather2.csv
Office_Monica,2015-04-30 23:00:00,2014-05-01 00:00:00,,,Education,,,,Office,,102191.0,9493.850473,College/University,America/Chicago,,Monica,Office,weather3.csv
UnivClass_Sapphire,2015-11-30 23:00:00,2014-12-01 00:00:00,,,Education,,,,College Classroom,G,64917.0809,6031.0,College/University,Europe/London,2006,Sapphire,UnivClass,weather6.csv
UnivLab_Malachi,2015-04-30 23:00:00,2014-05-01 00:00:00,,,Education,,,,College Laboratory,,32256.0,2996.679168,College/University,America/Chicago,,Malachi,UnivLab,weather3.csv
Office_Annabel,2015-12-31 23:00:00,2015-01-01 00:00:00,,,Education,,,,Office,,70832.0,6580.505296,College/University,America/Phoenix,2014.0,Annabel,Office,weather0.csv
UnivClass_Cathleen,2015-12-31 23:00:00,2015-01-01 00:00:00,,,Education,,,,College Classroom,,34875.0,3239.992125,College/University,America/New_York,1993.0,Cathleen,UnivClass,weather2.csv
UnivLab_Charlene,2015-12-31 23:00:00,2015-01-01 00:00:00,,,Education,,,,College Laboratory,,98125.0,9116.106875,College/University,America/New_York,2011.0,Charlene,UnivLab,weather2.csv
UnivDorm_Carole,2015-12-31 23:00:00,2015-01-01 00:00:00,,,Education,,,,Dormitory,,129664.0,12046.174592,College/University,America/New_York,1941.0,Carole,UnivDorm,weather2.csv
UnivClass_Adrienne,2015-12-31 23:00:00,2015-01-01 00:00:00,,,Education,,,,College Classroom,,140092.0,13014.967076,College/University,America/Phoenix,,Adrienne,UnivClass,weather0.csv
Office_Cody,2015-12-31 23:00:00,2015-01-01 00:00:00,,,Education,,,,Office,,110380.0,10254.63314,College/University,America/New_York,1985.0,Cody,Office,weather2.csv
Office_Carly,2015-12-31 23:00:00,2015-01-01 00:00:00,,,Education,,,,Office,,49553.0,4603.622359,College/University,America/New_York,1963.0,Carly,Office,weather2.csv
UnivLab_Patti,2015-12-31 23:00:00,2015-01-01 00:00:00,,,Education,,,,College Laboratory,,53651.0,4984.338853,College/University,America/New_York,,Patti,UnivLab,weather4.csv
Office_Pedro,2015-12-31 23:00:00,2015-01-01 00:00:00,,,Education,,,,Office,,44332.0,4118.575796,College/University,America/New_York,,Pedro,Office,weather4.csv
UnivLab_Marianne,2015-04-30 23:00:00,2014-05-01 00:00:00,,,Education,,,,College Laboratory,,156483.0,14537.74015,College/University,America/Chicago,,Marianne,UnivLab,weather3.csv
UnivLab_Samuel,2015-11-30 23:00:00,2014-12-01 00:00:00,,,Education,,,,College Laboratory,E,84066.059,7810.0,College/University,Europe/London,1966,Samuel,UnivLab,weather6.csv
UnivLab_Ashlee,2015-12-31 23:00:00,2015-01-01 00:00:00,,,Education,,,,College Laboratory,,122592.0,11389.164576,College/University,America/Phoenix,1971.0,Ashlee,UnivLab,weather0.csv
UnivLab_Albert,2015-12-31 23:00:00,2015-01-01 00:00:00,,,Education,,,,College Laboratory,,77469.0,7197.102507,College/University,America/Phoenix,,Albert,UnivLab,weather0.csv
UnivLab_Lizbeth,2015-11-30 23:00:00,2014-12-01 00:00:00,,Gas,Education,Gas,8.0,,College Laboratory,,138316.115,12850.0,College/University,Europe/London,1960,Lizbeth,UnivLab,weather5.csv
UnivLab_Luann,2015-11-30 23:00:00,2014-12-01 00:00:00,,Gas,Education,Gas,6.0,,College Laboratory,E,61203.5354,5686.0,College/University,Europe/London,1989,Luann,UnivLab,weather5.csv
UnivLab_Asia,2015-12-31 23:00:00,2015-01-01 00:00:00,,,Education,,,,College Laboratory,,33739.0,3134.454317,College/University,America/Phoenix,1939.0,Asia,UnivLab,weather0.csv
Office_Allyson,2015-12-31 23:00:00,2015-01-01 00:00:00,,,Education,,,,Office,,70837.0,6580.969811,College/University,America/Phoenix,2014.0,Allyson,Office,weather0.csv
UnivClass_Cecelia,2015-12-31 23:00:00,2015-01-01 00:00:00,,,Education,,,,College Classroom,,40311.0,3745.012833,College/University,America/New_York,1913.0,Cecelia,UnivClass,weather2.csv
UnivLab_Cherie,2015-12-31 23:00:00,2015-01-01 00:00:00,,,Education,,,,College Laboratory,,33148.0,3079.548644,College/University,America/New_York,1967.0,Cherie,UnivLab,weather2.csv
Office_Grant,2015-11-30 23:00:00,2014-12-01 00:00:00,,Gas,Government,Gas,10.0,818.0,Office,E,150640.7805,13995.0,Other Government Buildings,Europe/London,1913-1915,Grant,Office,weather5.csv
UnivLab_Pandora,2015-12-31 23:00:00,2015-01-01 00:00:00,,,Education,,,,College Laboratory,,241324.0,22419.723572,College/University,America/New_York,,Pandora,UnivLab,weather4.csv
Office_Curt,2015-12-31 23:00:00,2015-01-01 00:00:00,,,Education,,,,Office,,42755.0,3972.067765,College/University,America/New_York,1866.0,Curt,Office,weather2.csv
UnivLab_Ashlie,2015-12-31 23:00:00,2015-01-01 00:00:00,,,Education,,,,College Laboratory,,71248.0,6619.152944,College/University,America/Phoenix,2004.0,Ashlie,UnivLab,weather0.csv
UnivClass_Noreen,2015-10-31 23:00:00,2014-11-01 00:00:00,,,Education,,,3090.0,College Classroom,,123096.0,11435.987688,College/University,America/Chicago,,Noreen,UnivClass,weather9.csv
UnivLab_Alfonso,2015-12-31 23:00:00,2015-01-01 00:00:00,,,Education,,,,College Laboratory,,219608.0,20402.242024,College/University,America/Phoenix,1992.0,Alfonso,UnivLab,weather0.csv
UnivLab_Brenda,2012-12-31 23:00:00,2012-01-01 00:00:00,,,Education,,,,College Laboratory,,52839.0,4908.901617,College/University,America/Los_Angeles,1942.0,Brenda,UnivLab,weather7.csv
UnivClass_Callum,2015-12-31 23:00:00,2015-01-01 00:00:00,,,Education,,,,College Classroom,,47934.0,4453.212402,College/University,America/New_York,,Callum,UnivClass,weather2.csv
UnivLab_Celeste,2015-12-31 23:00:00,2015-01-01 00:00:00,,,Education,,,,College Laboratory,,279840.0,25997.97552,College/University,America/New_York,2008.0,Celeste,UnivLab,weather2.csv
UnivLab_Carolyn,2015-12-31 23:00:00,2015-01-01 00:00:00,,,Education,,,,College Laboratory,,20889.0,1940.650767,College/University,America/New_York,1976.0,Carolyn,UnivLab,weather2.csv
UnivLab_Annabelle,2015-12-31 23:00:00,2015-01-01 00:00:00,,,Education,,,,College Laboratory,,327256.0,30403.064168,College/University,America/Phoenix,2012.0,Annabelle,UnivLab,weather0.csv
Office_Marcus,2015-04-30 23:00:00,2014-05-01 00:00:00,3.0,,Education,,,,Office,,38382.0,3565.802946,College/University,America/Chicago,,Marcus,Office,weather3.csv
UnivLab_Aliyah,2015-12-31 23:00:00,2015-01-01 00:00:00,,,Education,,,,College Laboratory,,64560.0,5997.81768,College/University,America/Phoenix,1965.0,Aliyah,UnivLab,weather0.csv
UnivDorm_Ayesha,2015-12-31 23:00:00,2015-01-01 00:00:00,,,Education,,,,Dormitory,,74682.0,6938.181846,College/University,America/Phoenix,2006.0,Ayesha,UnivDorm,weather0.csv
UnivLab_Angie,2015-12-31 23:00:00,2015-01-01 00:00:00,,,Education,,,,College Laboratory,,183460.0,17043.98438,College/University,America/Phoenix,2005.0,Angie,UnivLab,weather0.csv
UnivLab_Conor,2015-12-31 23:00:00,2015-01-01 00:00:00,,,Education,,,,College Laboratory,,131271.0,12195.469713,College/University,America/New_York,2010.0,Conor,UnivLab,weather2.csv
Office_Cheyanne,2015-12-31 23:00:00,2015-01-01 00:00:00,,,Education,,,,Office,,46981.0,4364.675843,College/University,America/New_York,1962.0,Cheyanne,Office,weather2.csv
UnivLab_Annika,2015-12-31 23:00:00,2015-01-01 00:00:00,,,Education,,,,College Laboratory,,179559.0,16681.569777,College/University,America/Phoenix,2006.0,Annika,UnivLab,weather0.csv
UnivLab_Cormac,2015-12-31 23:00:00,2015-01-01 00:00:00,,,Education,,,,College Laboratory,,160673.0,14927.003719,College/University,America/New_York,1968.0,Cormac,UnivLab,weather2.csv
UnivLab_Carol,2015-12-31 23:00:00,2015-01-01 00:00:00,,,Education,,,,College Laboratory,,173983.0,16163.542649,College/University,America/New_York,1986.0,Carol,UnivLab,weather2.csv
Office_Payton,2015-12-31 23:00:00,2015-01-01 00:00:00,,,Education,,,,Office,,23458.0,2179.318574,College/University,America/New_York,,Payton,Office,weather4.csv
UnivLab_Andrea,2015-12-31 23:00:00,2015-01-01 00:00:00,,,Education,,,,College Laboratory,,24643.0,2289.408629,College/University,America/Phoenix,1982.0,Andrea,UnivLab,weather0.csv
Office_Brock,2010-12-31 23:00:00,2010-01-01 00:00:00,,,Education,,,,Office,,83321.0,7740.770863,College/University,America/Los_Angeles,1960.0,Brock,Office,weather13.csv
Office_Paula,2015-12-31 23:00:00,2015-01-01 00:00:00,,,Education,,,,Office,,54597.0,5072.225091,College/University,America/New_York,,Paula,Office,weather4.csv
Office_Pam,2015-12-31 23:00:00,2015-01-01 00:00:00,,,Education,,,,Office,,70042.0,6507.111926,College/University,America/New_York,,Pam,Office,weather4.csv
Office_Penny,2015-12-31 23:00:00,2015-01-01 00:00:00,,,Education,,,,Office,,49990.0,4644.22097,College/University,America/New_York,,Penny,Office,weather4.csv
UnivLab_Cheryl,2015-12-31 23:00:00,2015-01-01 00:00:00,,,Education,,,,College Laboratory,,322341.0,29946.445923,College/University,America/New_York,1995.0,Cheryl,UnivLab,weather2.csv
UnivLab_Camron,2015-12-31 23:00:00,2015-01-01 00:00:00,,,Education,,,,College Laboratory,,111518.0,10360.356754,College/University,America/New_York,1968.0,Camron,UnivLab,weather2.csv
UnivLab_Mack,2015-04-30 23:00:00,2014-05-01 00:00:00,,,Education,,,,College Laboratory,,37107.0,3447.351621,College/University,America/Chicago,,Mack,UnivLab,weather3.csv
UnivLab_Claire,2015-12-31 23:00:00,2015-01-01 00:00:00,,,Education,,,,College Laboratory,,125507.0,11659.976821,College/University,America/New_York,1974.0,Claire,UnivLab,weather2.csv
Office_Patricia,2015-12-31 23:00:00,2015-01-01 00:00:00,,,Education,,,,Office,,17879.0,1661.012737,College/University,America/New_York,,Patricia,Office,weather4.csv
UnivLab_Laurie,2015-11-30 23:00:00,2014-12-01 00:00:00,,Gas,Education,Gas,6.0,,College Laboratory,F,83043.4885,7715.0,College/University,Europe/London,1991,Laurie,UnivLab,weather5.csv
UnivLab_Pasquale,2015-12-31 23:00:00,2015-01-01 00:00:00,,,Education,,,,College Laboratory,,129344.0,12016.445632,College/University,America/New_York,,Pasquale,UnivLab,weather4.csv
Office_Bernadette,2012-12-31 23:00:00,2012-01-01 00:00:00,,,Education,,,,Office,,97618.0,9069.005054,College/University,America/Los_Angeles,1964.0,Bernadette,Office,weather7.csv
UnivClass_Anuja,2015-12-31 23:00:00,2015-01-01 00:00:00,,,Education,,,,College Classroom,,9309.0,864.834027,College/University,America/Phoenix,1970.0,Anuja,UnivClass,weather0.csv
UnivLab_Bonita,2012-12-31 23:00:00,2012-01-01 00:00:00,,,Education,,,,College Laboratory,,87216.0,8102.628048,College/University,America/Los_Angeles,1964.0,Bonita,UnivLab,weather7.csv
UnivLab_Alison,2015-12-31 23:00:00,2015-01-01 00:00:00,,,Education,,,,College Laboratory,,4583.0,425.774449,College/University,America/Phoenix,,Alison,UnivLab,weather0.csv
UnivLab_Lynn,2015-11-30 23:00:00,2014-12-01 00:00:00,,Heat network and steam,Education,Heat Network And Steam,9.0,,College Laboratory,B,150317.8635,13965.0,College/University,Europe/London,1906,Lynn,UnivLab,weather5.csv
UnivClass_Camille,2015-12-31 23:00:00,2015-01-01 00:00:00,,,Education,,,,College Classroom,,33695.0,3130.366585,College/University,America/New_York,1948.0,Camille,UnivClass,weather2.csv
UnivLab_Cassandra,2015-12-31 23:00:00,2015-01-01 00:00:00,,,Education,,,,College Laboratory,,214505.0,19928.158015,College/University,America/New_York,1990.0,Cassandra,UnivLab,weather2.csv
UnivLab_Casper,2015-12-31 23:00:00,2015-01-01 00:00:00,,,Education,,,,College Laboratory,,56497.0,5248.740791,College/University,America/New_York,1957.0,Casper,UnivLab,weather2.csv
UnivLab_Aoibhe,2015-12-31 23:00:00,2015-01-01 00:00:00,,,Education,,,,College Laboratory,,49662.0,4613.748786,College/University,America/Phoenix,1964.0,Aoibhe,UnivLab,weather0.csv
UnivLab_Alisha,2015-12-31 23:00:00,2015-01-01 00:00:00,,,Education,,,,College Laboratory,,4689.0,435.622167,College/University,America/Phoenix,2005.0,Alisha,UnivLab,weather0.csv
UnivLab_Patsy,2015-12-31 23:00:00,2015-01-01 00:00:00,,,Education,,,,College Laboratory,,250000.0,23225.75,College/University,America/New_York,,Patsy,UnivLab,weather4.csv
Office_Mat,2015-04-30 23:00:00,2014-05-01 00:00:00,,,Education,,,,Office,,62837.0,5837.745811,College/University,America/Chicago,,Mat,Office,weather3.csv
UnivLab_Anya,2015-12-31 23:00:00,2015-01-01 00:00:00,,,Education,,,,College Laboratory,,48411.0,4497.527133,College/University,America/Phoenix,,Anya,UnivLab,weather0.csv
UnivLab_Silas,2015-11-30 23:00:00,2014-12-01 00:00:00,,,Education,,,,College Laboratory,G,107585.1805,9995.0,College/University,Europe/London,2010,Silas,UnivLab,weather6.csv
UnivLab_Alivia,2015-12-31 23:00:00,2015-01-01 00:00:00,,,Education,,,,College Laboratory,,151637.0,14087.532211,College/University,America/Phoenix,1983.0,Alivia,UnivLab,weather0.csv
UnivLab_Piper,2015-12-31 23:00:00,2015-01-01 00:00:00,,,Education,,,,College Laboratory,,46813.0,4349.068139,College/University,America/New_York,,Piper,UnivLab,weather4.csv
UnivLab_Lionel,2015-11-30 23:00:00,2014-12-01 00:00:00,,Oil,Education,Oil,5.0,,College Laboratory,,37264.6218,3462.0,College/University,Europe/London,1800,Lionel,UnivLab,weather33.csv
Office_Brennan,2010-12-31 23:00:00,2010-01-01 00:00:00,,,Education,,,,Office,,111077.0,10319.386531,College/University,America/Los_Angeles,1994.0,Brennan,Office,weather13.csv
Office_Sidney,2015-11-30 23:00:00,2014-12-01 00:00:00,,,Education,,,,Office,C,15812.1691,1469.0,College/University,Europe/London,,Sidney,Office,weather6.csv
UnivLab_Alka,2015-12-31 23:00:00,2015-01-01 00:00:00,,,Education,,,,College Laboratory,,193294.0,17957.592482,College/University,America/Phoenix,2006.0,Alka,UnivLab,weather0.csv
UnivLab_Leopold,2015-11-30 23:00:00,2014-12-01 00:00:00,,Gas,Education,Gas,5.0,,College Laboratory,G,21538.5639,2001.0,College/University,Europe/London,2004,Leopold,UnivLab,weather5.csv
UnivLab_Phoebe,2015-12-31 23:00:00,2015-01-01 00:00:00,,,Education,,,,College Laboratory,,35990.0,3343.57897,College/University,America/New_York,,Phoebe,UnivLab,weather4.csv
UnivLab_Patrice,2015-12-31 23:00:00,2015-01-01 00:00:00,,,Education,,,,College Laboratory,,75929.0,7054.031887,College/University,America/New_York,,Patrice,UnivLab,weather4.csv
UnivDorm_Abbey,2015-12-31 23:00:00,2015-01-01 00:00:00,,,Education,,,,Dormitory,,63348.0,5885.219244,College/University,America/Phoenix,2007.0,Abbey,UnivDorm,weather0.csv
UnivLab_Candace,2015-12-31 23:00:00,2015-01-01 00:00:00,,,Education,,,,College Laboratory,,149762.0,13913.339086,College/University,America/New_York,2004.0,Candace,UnivLab,weather2.csv
UnivLab_Poppy,2015-12-31 23:00:00,2015-01-01 00:00:00,,,Education,,,,College Laboratory,,120836.0,11226.026908,College/University,America/New_York,,Poppy,UnivLab,weather4.csv
Office_Perry,2015-12-31 23:00:00,2015-01-01 00:00:00,,,Education,,,,Office,,41337.0,3840.331311,College/University,America/New_York,,Perry,Office,weather4.csv
UnivLab_Barbara,2010-12-31 23:00:00,2010-01-01 00:00:00,,,Education,,,,College Laboratory,,153700.0,14279.1911,College/University,America/Los_Angeles,1990.0,Barbara,UnivLab,weather13.csv
UnivDorm_Cheri,2015-12-31 23:00:00,2015-01-01 00:00:00,,,Education,,,,Dormitory,,29775.0,2766.186825,College/University,America/New_York,2001.0,Cheri,UnivDorm,weather2.csv
Office_Lana,2015-11-30 23:00:00,2014-12-01 00:00:00,,Gas,Education,Gas,8.0,,Office,E,65656.56083,6099.7,College/University,Europe/London,1955,Lana,Office,weather5.csv
Office_Makenna,2015-04-30 23:00:00,2014-05-01 00:00:00,,,Education,,,,Office,,105167.0,9770.329801,College/University,America/Chicago,,Makenna,Office,weather3.csv
Office_Lee,2015-11-30 23:00:00,2014-12-01 00:00:00,,Heat network,Education,Heat Network,8.0,,Office,,34455.2439,3201.0,College/University,Europe/London,1907,Lee,Office,weather5.csv
Office_Cora,2015-12-31 23:00:00,2015-01-01 00:00:00,,,Education,,,,Office,,53303.0,4952.008609,College/University,America/New_York,1981.0,Cora,Office,weather2.csv
UnivLab_Ladonna,2015-11-30 23:00:00,2014-12-01 00:00:00,,Gas,Education,Gas,6.0,,College Laboratory,,16802.4479,1561.0,College/University,Europe/London,1995,Ladonna,UnivLab,weather5.csv
UnivLab_Chad,2015-12-31 23:00:00,2015-01-01 00:00:00,,,Education,,,,College Laboratory,,30143.0,2800.375129,College/University,America/New_York,1951.0,Chad,UnivLab,weather2.csv
UnivLab_Alissa,2015-12-31 23:00:00,2015-01-01 00:00:00,,,Education,,,,College Laboratory,,261188.0,24265.148764,College/University,America/Phoenix,,Alissa,UnivLab,weather0.csv
